ID,History,Psychology,Politics,Mathematics,Physics,Internet,PC,Economy.Management,Biology,Chemistry,Reading,Geography,Foreign.languages,Medicine,Law,Cars,Art.exhibitions,Religion,Countryside..outdoors,Dancing,Musical.instruments,Writing,Passive.sport,Active.sport,Gardening,Celebrities,Shopping,Science.and.technology,Theatre,Fun.with.friends,Adrenaline.sports,Pets,Gender
1,1,5,1,3,3,5,3,5,3,3,3,3,5,3,1,1,1,1,5,3,3,2,1,5,5,1,4,4,2,5,4,4,female
2,1,3,4,5,2,4,4,5,1,1,4,4,5,1,2,2,2,1,1,1,1,1,1,1,1,2,3,3,2,4,2,5,female
3,1,2,1,5,2,4,2,4,1,1,5,2,5,2,3,1,5,5,5,5,5,5,5,2,1,1,4,2,5,5,5,5,female
4,4,4,5,4,1,3,1,2,3,3,5,4,4,2,5,1,5,4,1,1,1,3,1,1,1,2,4,3,1,2,1,1,female
5,3,2,3,2,2,2,2,2,3,3,5,2,3,3,2,3,1,4,4,1,3,1,3,1,4,3,3,3,2,4,2,1,female
6,5,3,4,2,3,4,4,1,4,4,3,3,4,4,3,5,2,2,5,1,5,1,5,4,2,1,2,3,1,3,3,2,male
7,3,3,1,1,1,2,1,3,5,5,3,3,4,5,3,4,1,1,4,3,2,1,5,3,3,1,3,4,3,5,1,5,female
8,5,2,3,1,1,5,4,1,2,2,2,3,4,1,2,1,1,2,2,1,1,1,4,5,1,3,3,2,2,4,2,5,male
9,3,2,1,1,1,1,1,1,3,1,5,1,1,1,1,1,1,2,4,1,2,1,4,1,1,5,2,1,5,4,1,1,female
10,3,2,3,3,1,5,1,4,2,1,4,4,5,1,1,1,4,4,4,5,3,1,4,4,1,2,4,3,5,5,2,2,female
11,3,3,3,2,1,4,5,3,2,1,3,3,5,2,4,2,2,2,4,1,1,1,5,1,3,2,5,4,2,4,1,5,female
12,2,2,5,1,1,5,4,1,1,1,3,5,2,1,3,1,5,1,5,1,1,1,5,3,1,2,3,3,1,3,1,1,female
13,4,4,4,1,1,3,2,1,5,5,5,3,5,5,2,3,1,1,5,3,4,1,5,3,4,3,2,3,2,4,1,2,female
14,2,2,1,1,1,3,3,3,1,1,4,1,5,1,1,1,3,1,5,3,3,1,3,3,1,5,5,2,3,5,4,5,female
15,2,5,1,1,1,4,2,3,2,1,4,1,3,1,1,1,4,2,3,1,1,5,3,1,5,5,5,2,4,5,1,5,female
16,5,5,3,3,3,4,5,3,5,2,3,3,4,2,4,5,3,1,5,1,5,2,5,3,3,1,3,5,3,5,5,1,male
17,1,1,1,1,1,5,2,1,4,1,1,1,3,5,1,1,1,2,5,2,2,1,5,1,1,3,4,2,1,5,4,5,female
18,3,2,2,1,3,3,3,1,5,5,4,2,2,3,1,1,1,1,5,3,1,2,1,3,3,3,3,4,3,3,1,5,female
19,3,5,3,5,5,5,5,3,3,3,3,1,4,2,1,2,1,1,3,3,1,1,3,3,1,1,2,5,1,3,1,4,male
20,2,3,3,3,2,5,5,4,2,1,3,4,4,2,1,4,2,1,4,1,5,1,4,2,1,3,3,4,2,5,3,1,male
21,5,3,4,2,3,5,4,2,4,4,3,3,4,4,2,5,2,1,5,1,5,3,5,5,2,2,1,5,2,4,3,3,male
22,4,4,4,3,1,5,5,5,3,1,1,5,4,2,1,1,2,1,4,1,2,4,5,3,3,1,1,5,4,5,5,5,male
23,3,4,2,1,1,NA,3,3,3,2,2,3,3,3,2,2,1,4,4,3,2,1,3,3,1,1,1,3,2,5,2,5,female
24,2,2,3,2,3,4,3,2,5,5,5,3,4,4,2,3,2,2,3,5,5,3,2,4,3,3,4,3,5,5,3,5,female
25,4,5,5,2,1,5,4,2,3,2,4,4,5,4,5,3,4,2,5,5,4,3,4,5,3,4,5,5,5,5,3,3,female
26,2,2,1,3,1,5,2,5,1,1,4,2,5,1,3,1,2,1,2,4,1,1,3,4,1,5,5,1,3,5,1,3,female
27,3,3,1,2,3,5,2,1,5,5,4,3,3,2,1,4,2,4,5,3,2,2,4,5,5,4,4,3,1,4,4,5,female
28,2,2,3,1,3,4,2,2,5,5,2,2,4,4,1,1,2,NA,3,1,1,1,3,4,2,2,5,2,1,4,2,5,female
29,5,1,1,1,2,5,2,1,1,1,1,4,4,2,3,5,1,1,3,3,1,1,5,5,1,3,5,3,1,5,4,3,male
30,5,4,2,2,2,4,3,4,4,2,5,3,5,3,2,2,4,2,5,4,2,2,5,4,3,4,4,3,4,5,3,2,female
31,2,3,3,1,1,4,3,3,3,1,4,4,4,4,4,4,2,2,4,1,1,1,1,5,1,2,4,4,2,5,4,3,male
32,4,4,2,2,2,3,2,2,2,2,5,5,4,1,1,3,4,1,5,4,1,2,3,1,3,1,2,1,3,4,2,1,female
33,4,5,3,1,1,5,4,3,1,1,3,3,3,1,2,3,4,2,2,1,2,1,2,2,1,4,5,3,3,5,1,5,female
34,5,3,5,2,1,5,4,4,4,3,5,5,5,5,4,1,5,1,5,3,3,1,5,4,4,3,3,3,4,5,5,5,female
35,4,5,4,3,1,5,4,4,3,1,3,2,5,3,2,5,3,5,5,2,3,2,5,3,1,1,3,5,3,5,5,1,male
36,1,1,1,1,1,5,3,1,1,1,5,3,5,1,5,4,2,3,3,4,1,1,3,3,3,3,4,2,5,5,2,5,female
37,4,5,3,3,3,5,3,2,5,5,5,3,4,5,3,4,3,2,4,1,1,1,2,1,2,4,4,4,4,5,1,5,female
38,3,3,5,3,3,4,3,2,5,3,2,2,4,3,3,2,2,5,5,1,5,1,3,5,5,2,4,4,1,5,5,3,male
39,3,4,4,3,2,5,2,5,5,1,5,3,5,4,3,1,4,2,4,5,3,5,3,4,4,2,4,3,3,5,1,5,female
40,4,1,1,1,1,5,2,2,3,5,3,3,1,5,1,4,1,3,5,1,2,1,5,5,2,2,4,5,2,3,3,5,female
41,2,1,1,2,1,5,4,3,2,1,1,3,3,2,2,1,1,1,3,1,1,1,3,1,1,5,5,3,1,2,1,2,female
42,5,4,5,5,5,5,5,1,1,5,5,3,3,3,1,1,1,5,5,2,4,1,1,5,1,1,1,3,1,5,5,3,male
43,2,5,1,5,1,5,5,5,5,2,3,2,5,4,3,3,2,2,3,1,2,1,3,1,1,2,4,4,2,5,3,5,female
44,2,4,2,1,1,5,3,5,1,1,3,5,5,1,2,2,5,1,3,2,2,5,4,3,1,3,5,3,3,5,2,5,female
45,4,5,5,3,4,4,3,4,3,2,5,4,3,1,4,1,3,4,3,3,1,3,4,2,2,5,5,4,4,5,5,5,female
46,5,5,5,5,5,5,5,2,1,1,3,1,2,2,1,1,1,4,2,5,5,1,4,5,1,4,3,5,2,5,1,4,male
47,4,3,1,2,2,NA,4,2,2,1,5,4,5,2,1,5,5,4,5,3,4,1,3,5,1,4,5,NA,3,5,5,4,female
48,2,3,1,2,1,5,3,4,2,1,5,3,5,3,1,2,1,1,3,1,1,1,2,2,1,2,4,2,4,5,2,5,female
49,2,4,3,2,2,4,2,4,3,2,2,3,5,3,2,2,2,2,4,5,2,1,3,4,2,2,3,3,4,3,2,2,female
50,2,2,2,1,1,5,3,3,2,1,5,2,4,1,1,3,1,1,2,1,1,1,2,1,1,2,5,3,2,5,1,5,female
51,3,4,1,4,1,4,2,1,5,5,4,3,4,5,1,1,3,4,3,1,1,1,3,4,1,4,4,4,2,4,4,5,female
52,2,4,4,5,5,5,5,2,5,5,3,3,4,5,2,4,3,3,3,5,2,1,5,5,2,2,3,5,2,4,1,4,female
53,5,4,3,3,2,4,2,2,3,4,5,3,4,2,2,3,4,2,5,5,5,5,5,5,3,1,4,4,4,5,5,3,female
54,3,3,4,1,1,3,2,2,4,2,4,5,5,4,3,5,5,5,4,5,4,1,5,5,3,1,3,3,5,5,3,1,female
55,5,3,4,1,4,3,1,1,3,4,5,3,4,3,2,2,5,2,5,4,4,2,5,4,1,1,2,3,5,5,1,1,female
56,4,5,2,2,3,5,4,3,3,4,3,4,5,3,3,2,3,2,4,4,2,1,1,3,1,3,3,4,2,4,4,5,female
57,3,4,4,4,3,4,4,4,2,1,5,2,5,2,4,3,5,2,3,2,1,3,5,1,2,2,2,3,4,5,2,3,female
58,5,5,2,1,1,5,1,3,3,1,5,2,3,3,2,1,5,4,5,2,2,1,5,3,1,5,5,3,5,5,2,5,female
59,3,3,1,3,2,4,3,1,5,4,1,5,4,5,1,2,1,1,4,2,1,1,5,3,3,2,4,4,1,5,3,3,male
60,4,4,5,1,1,3,3,2,1,1,5,5,3,1,3,1,4,1,1,1,1,3,1,1,1,1,1,1,1,3,1,1,male
61,4,5,4,4,4,5,4,4,2,2,5,4,4,3,2,3,5,4,4,2,5,5,3,4,2,1,2,4,4,4,3,1,male
62,3,3,3,3,4,5,4,4,1,1,1,3,3,3,3,4,3,1,3,1,1,1,4,1,1,2,3,3,3,5,2,5,male
63,5,4,4,4,5,5,5,3,3,3,2,5,4,3,3,5,2,1,4,1,2,1,5,5,1,1,2,5,2,5,5,1,male
64,4,2,3,NA,2,4,3,4,1,1,2,3,3,2,4,5,3,3,3,1,1,1,5,5,1,2,3,4,2,5,5,3,male
65,1,2,2,1,3,5,2,1,5,5,2,1,5,5,1,1,2,1,1,2,1,1,2,1,1,3,5,4,5,5,4,5,female
66,5,2,3,2,1,5,3,2,1,1,1,5,3,3,1,2,1,2,3,1,1,1,3,3,1,2,2,2,1,3,3,3,male
67,3,2,2,5,5,4,3,2,1,2,1,4,2,1,1,4,2,1,3,1,1,1,5,5,1,3,3,4,2,4,2,1,male
68,2,3,3,4,2,3,1,5,2,2,3,3,4,3,3,1,2,2,3,5,2,2,1,3,4,3,3,2,3,5,2,4,female
69,2,2,3,5,2,5,2,4,3,5,2,3,4,1,4,3,2,5,4,1,2,1,5,1,1,1,3,4,3,5,1,4,female
70,2,2,2,1,1,3,1,1,5,5,NA,1,3,4,1,2,3,1,3,3,1,1,1,1,1,5,5,NA,NA,5,1,4,female
71,2,1,3,1,1,3,3,3,1,1,2,1,3,1,5,5,2,1,5,2,1,1,1,5,2,2,4,3,1,5,5,2,male
72,5,1,5,2,1,4,2,4,1,1,3,4,2,1,5,5,1,1,3,1,1,1,1,5,1,4,4,4,1,5,3,5,male
73,3,2,1,1,1,4,3,1,1,1,2,2,3,1,1,3,1,2,5,3,3,1,4,3,2,2,3,1,2,5,4,2,female
74,4,3,4,1,1,5,5,3,2,2,2,4,5,1,2,5,2,5,5,5,3,1,3,5,1,2,5,5,2,5,1,5,male
75,4,3,5,1,1,4,3,4,1,1,1,4,5,1,3,5,3,2,5,1,5,3,2,5,1,1,3,2,2,4,4,3,male
76,5,5,4,2,1,5,4,5,4,1,2,5,5,5,2,5,5,5,5,2,5,2,5,5,1,3,4,4,4,5,3,4,male
77,2,2,5,1,1,4,4,2,1,1,2,2,3,1,3,5,1,2,3,3,1,1,3,5,1,1,4,5,1,5,4,3,male
78,4,2,1,1,1,3,1,1,5,5,5,5,5,3,1,1,4,1,5,5,1,1,3,5,1,1,5,3,5,5,3,1,female
79,2,5,1,3,1,4,4,4,5,5,5,5,5,4,1,1,5,1,5,NA,2,3,1,5,5,1,2,5,5,5,5,3,female
80,4,3,5,2,1,5,3,5,3,1,1,3,5,2,5,4,2,1,4,3,2,1,4,3,2,1,5,4,3,5,4,5,female
81,5,4,4,1,2,5,3,3,2,1,2,2,3,2,5,3,2,1,4,5,2,1,5,5,1,3,4,3,2,5,4,5,female
82,3,2,1,1,2,5,5,4,1,2,2,3,4,1,4,5,3,2,3,5,1,1,4,5,1,2,3,5,2,5,4,2,male
83,4,5,1,1,1,5,1,1,2,1,5,3,4,1,1,1,5,4,5,1,3,2,5,1,4,1,3,2,3,4,3,5,female
84,NA,2,1,1,1,5,3,3,5,3,2,2,4,5,5,4,3,1,5,3,1,1,NA,1,3,1,3,3,5,5,5,5,female
85,5,5,4,1,1,4,4,1,4,4,5,5,5,3,3,NA,3,3,5,1,1,1,5,1,1,1,4,4,5,5,3,5,female
86,4,3,1,5,5,5,5,3,2,2,2,3,3,3,2,3,5,1,5,2,4,1,4,4,2,2,4,5,5,4,3,1,male
87,5,5,5,4,4,5,4,5,4,4,5,5,4,4,4,4,5,5,5,4,4,4,5,5,2,1,2,5,5,5,4,2,male
88,5,4,5,NA,1,5,2,4,3,2,3,4,5,1,4,1,2,2,3,5,1,1,2,5,1,2,5,3,4,5,5,3,female
89,5,1,5,1,1,5,1,1,4,1,5,5,5,1,3,1,3,5,3,4,1,5,1,1,2,5,5,3,3,5,1,5,female
90,3,3,3,1,1,3,1,2,2,1,4,3,4,2,2,1,4,3,3,2,1,1,2,2,1,3,3,1,4,4,1,2,female
91,1,1,1,1,1,4,1,1,2,2,3,1,4,4,1,3,1,4,4,1,3,1,5,1,1,1,4,3,2,5,2,3,female
92,1,1,1,1,1,NA,5,1,5,1,1,1,5,5,1,1,1,1,5,5,1,1,5,3,1,3,3,1,3,5,4,1,female
93,4,3,2,3,3,3,2,2,2,2,5,4,5,2,1,1,5,4,5,3,2,4,2,2,1,2,3,2,4,4,2,3,female
94,2,3,1,4,4,5,5,3,2,2,1,5,2,1,2,5,3,1,4,1,2,1,4,4,1,1,1,5,1,5,4,3,male
95,3,2,1,1,1,5,5,3,2,2,2,3,4,NA,2,4,2,2,4,1,2,1,2,1,1,1,2,4,2,4,2,3,male
96,4,4,4,1,2,5,5,2,2,1,1,5,4,1,2,5,3,1,4,1,1,1,4,2,1,3,3,5,3,5,5,4,male
97,1,1,1,1,1,2,1,1,3,4,1,1,1,5,1,1,1,1,1,1,1,1,1,4,1,1,1,1,1,5,1,1,male
98,3,2,2,4,1,5,5,2,1,1,3,1,4,1,2,2,1,4,4,1,1,1,1,5,2,1,1,4,1,3,3,5,male
99,1,1,1,1,2,3,4,1,2,1,3,5,5,2,1,1,3,1,5,1,1,1,5,5,1,1,3,5,1,5,5,1,male
100,3,4,1,5,5,5,1,1,3,5,3,5,4,1,1,2,2,2,5,3,1,1,4,2,1,1,5,3,3,4,1,4,female
101,3,1,2,2,3,5,5,2,5,5,3,2,4,5,1,2,3,4,4,1,4,1,4,1,3,3,4,3,3,5,3,2,female
102,5,1,4,1,1,4,3,1,1,1,5,4,3,1,2,3,1,3,3,1,1,1,5,1,1,2,1,3,1,5,1,3,male
103,5,5,5,4,4,5,4,2,4,4,5,5,5,5,4,2,4,2,5,4,4,2,1,5,2,1,1,2,4,5,3,1,female
104,5,4,4,2,2,5,5,2,2,1,5,5,5,2,4,5,2,5,4,4,4,1,5,3,1,4,4,5,4,5,2,1,male
105,5,4,5,2,2,3,3,4,2,2,2,4,3,2,5,4,4,3,3,2,2,3,3,3,2,1,2,3,3,4,3,2,male
106,4,2,2,1,1,3,3,1,1,4,3,1,3,1,3,3,1,3,5,1,1,1,4,5,3,1,3,4,3,3,1,4,male
107,4,4,3,3,1,4,4,5,2,1,2,3,5,1,2,3,1,2,4,2,1,1,5,2,1,2,2,5,2,5,3,1,male
108,1,2,4,1,3,4,1,2,5,5,5,2,1,5,2,4,5,4,4,2,1,4,2,5,2,1,3,2,5,5,5,4,female
109,1,3,2,3,2,4,4,1,1,1,2,1,4,1,1,2,1,1,1,1,5,4,4,1,1,1,4,2,3,2,1,3,female
110,3,3,4,2,2,4,5,4,2,2,1,2,3,3,2,5,2,3,3,1,1,1,2,2,1,1,2,4,1,4,2,1,male
111,3,4,1,2,3,5,2,2,5,1,1,5,4,3,1,1,1,2,5,1,1,3,2,4,1,1,2,4,1,4,4,3,male
112,3,4,1,1,1,4,1,1,3,2,5,3,5,3,2,1,5,3,5,3,2,4,1,3,2,2,2,3,4,5,3,1,female
113,2,3,1,2,1,3,1,1,5,4,5,3,4,5,2,1,4,3,4,5,2,1,3,2,3,1,3,5,5,4,1,3,female
114,2,2,1,1,2,3,2,1,3,3,1,2,1,1,1,4,2,1,5,1,1,1,5,NA,5,4,4,2,2,4,4,5,female
115,5,3,1,1,1,5,3,2,1,1,5,3,5,3,1,2,5,1,4,1,1,4,1,1,2,2,5,4,4,5,4,5,female
116,2,5,3,1,3,5,3,2,3,3,3,4,5,4,2,5,4,2,4,5,3,3,3,4,3,1,5,4,4,5,3,3,female
117,2,4,2,1,2,3,1,1,1,3,5,1,4,1,1,1,2,2,3,1,5,5,1,1,1,1,3,1,2,4,1,4,female
118,2,2,2,5,2,5,5,3,2,1,1,2,2,1,1,5,1,1,4,1,1,1,1,1,2,4,3,3,2,2,1,5,female
119,3,2,4,4,2,4,4,2,2,2,4,4,3,2,1,2,4,1,5,1,2,2,4,1,2,1,2,3,2,4,3,4,male
120,4,4,2,4,2,5,1,1,2,4,3,4,1,3,1,1,2,2,4,1,3,3,2,1,2,1,1,2,2,3,2,3,female
121,5,3,4,5,5,2,4,5,3,5,5,5,4,3,3,2,1,2,5,4,3,2,1,4,1,1,1,5,5,5,4,5,male
122,1,3,3,4,3,4,4,3,2,2,1,1,2,3,4,5,1,1,4,1,1,1,3,2,1,3,2,4,1,5,5,3,male
123,5,2,1,1,1,4,2,1,1,1,5,3,3,1,1,4,5,3,4,2,2,3,4,2,2,2,3,1,5,5,1,4,female
124,2,3,1,1,3,3,3,2,4,2,3,3,3,3,3,2,4,4,4,1,5,4,2,4,4,1,2,3,4,5,2,4,female
125,4,4,4,1,3,4,5,3,2,2,4,4,4,4,4,4,5,3,5,2,5,3,4,5,1,1,1,5,4,4,5,4,male
126,4,4,4,2,2,3,2,2,3,2,5,2,4,3,3,1,4,2,5,4,5,5,4,3,4,1,4,3,5,5,2,5,female
127,5,2,2,2,1,5,3,1,1,1,4,2,5,1,1,3,2,2,3,1,1,2,1,1,2,3,4,2,2,5,1,1,female
128,4,4,4,3,2,5,4,3,2,1,4,5,4,3,2,4,3,4,4,1,1,3,4,1,2,1,2,4,3,5,4,2,female
129,4,5,3,3,5,5,5,1,3,5,5,5,5,1,1,1,5,5,5,5,5,5,1,3,5,1,2,5,5,5,5,5,female
130,4,3,2,1,1,4,2,1,5,4,3,2,3,5,2,1,3,5,3,2,1,1,2,1,1,1,5,3,1,5,1,5,female
131,5,3,5,2,1,5,4,4,1,1,5,5,4,2,5,1,4,3,4,2,1,4,5,3,2,4,5,4,4,5,3,1,female
132,1,3,4,1,1,5,4,1,1,1,1,1,4,1,1,4,1,1,5,2,1,1,5,1,1,2,4,4,3,5,5,3,male
133,1,5,2,4,1,5,3,2,4,1,4,5,5,3,2,1,1,2,3,1,1,1,2,1,1,3,2,4,2,3,3,5,female
134,4,1,1,1,1,2,1,1,3,1,5,3,4,2,1,1,5,5,5,5,5,3,3,4,3,1,3,1,5,4,1,4,female
135,3,3,3,1,2,3,3,3,3,3,3,3,3,4,3,3,3,1,3,3,2,1,1,3,3,2,2,4,4,4,4,4,female
136,5,2,1,3,2,4,4,1,3,1,4,4,5,2,5,4,4,2,4,1,3,1,4,4,2,3,2,5,4,5,1,5,male
137,4,2,5,2,4,5,4,3,5,5,3,3,3,5,2,2,1,5,3,4,1,2,5,5,4,1,3,5,5,5,3,3,male
138,4,NA,3,3,3,5,4,2,4,3,4,5,5,3,2,5,4,3,3,1,1,4,3,1,1,2,3,2,2,3,1,1,NA
139,2,3,2,1,1,3,1,2,5,4,5,3,5,5,1,1,1,5,5,2,5,3,2,4,1,2,3,2,2,4,1,3,female
140,1,3,1,2,1,4,3,1,3,2,3,1,4,1,3,1,4,3,5,5,5,3,2,4,2,4,4,2,3,5,3,5,female
141,5,4,3,2,2,3,1,1,1,1,4,3,5,2,2,3,5,5,5,1,4,3,2,1,1,2,3,2,4,4,5,5,female
142,3,5,1,5,5,5,5,5,3,4,4,1,5,1,1,1,1,1,5,1,1,1,1,3,1,1,1,5,3,3,1,5,female
143,1,2,2,2,1,5,5,4,1,1,4,4,3,1,2,2,1,1,5,5,1,1,3,4,1,3,5,5,4,4,1,1,male
144,NA,4,2,1,1,5,3,2,1,1,3,1,3,1,1,4,1,1,3,3,1,1,5,2,1,2,4,NA,1,5,1,5,female
145,3,4,1,1,4,5,5,1,5,5,2,3,3,5,1,1,4,1,5,3,3,1,4,4,1,1,3,5,4,5,3,3,male
146,2,4,2,1,NA,4,2,1,2,1,3,3,4,4,2,1,2,3,2,1,2,4,2,1,1,2,2,2,2,4,3,2,female
147,5,3,5,1,1,5,5,3,2,1,4,4,5,3,5,4,2,5,5,1,1,1,5,5,1,2,4,3,4,5,2,4,male
148,4,2,3,5,5,5,4,2,2,3,5,5,4,2,2,2,1,3,5,1,1,3,4,1,1,1,1,5,2,2,2,3,male
149,3,4,3,4,4,5,5,3,3,4,1,4,4,3,3,1,2,5,4,3,2,3,3,4,1,2,2,4,2,3,2,1,male
150,2,3,1,5,5,3,5,3,2,3,2,3,3,2,1,2,1,3,4,1,1,1,2,3,1,1,2,4,2,3,3,1,male
151,2,3,4,3,3,4,4,5,2,2,4,4,4,2,1,3,3,1,4,1,1,1,5,4,1,2,3,5,3,5,3,1,female
152,4,4,4,2,2,3,3,1,2,1,3,4,2,3,2,2,3,4,2,1,1,1,4,5,1,4,2,3,4,5,2,3,male
153,5,5,5,2,1,4,2,5,2,2,2,3,5,5,3,1,1,2,1,1,1,5,3,5,1,1,3,4,2,5,4,4,male
154,5,3,5,1,2,4,2,3,2,1,4,2,3,2,2,4,3,4,3,1,1,1,3,3,2,4,5,4,2,3,2,1,female
155,5,1,5,3,4,5,5,5,2,2,1,5,5,2,4,2,1,2,3,1,3,1,1,1,1,1,2,5,1,5,1,3,male
156,4,5,2,3,2,3,2,1,4,3,4,3,5,4,5,2,3,1,3,4,5,4,3,3,3,2,3,4,3,3,4,4,female
157,5,2,4,1,1,5,2,1,1,1,5,4,5,1,5,1,1,3,3,1,1,1,3,2,1,1,4,1,1,4,1,4,male
158,3,4,3,2,2,4,4,2,2,2,4,3,2,2,2,2,2,4,5,1,1,1,3,1,1,2,2,3,2,5,4,2,male
159,1,2,1,3,2,5,3,1,3,3,4,4,4,2,1,1,4,1,5,2,5,4,5,5,3,4,5,4,4,5,2,5,female
160,4,4,4,3,2,4,3,4,4,2,4,5,4,3,3,3,3,4,5,3,4,2,5,4,3,2,2,3,4,5,5,5,male
161,4,3,5,5,4,5,4,5,2,3,1,5,4,1,2,4,3,1,2,4,5,4,5,5,1,1,1,4,2,5,4,1,male
162,2,2,1,1,1,4,2,1,5,5,5,2,4,4,1,1,2,1,3,1,1,4,4,2,3,4,5,3,2,5,3,5,female
163,5,3,3,1,1,5,2,2,1,1,3,5,5,1,3,4,1,2,3,1,1,1,1,5,1,1,1,2,1,3,2,2,male
164,5,5,3,1,1,5,3,3,3,3,2,2,2,2,1,1,1,5,1,2,1,1,1,1,1,1,1,1,1,3,1,1,male
165,3,3,2,1,1,4,4,1,2,1,4,1,4,1,2,1,3,2,1,1,1,4,1,3,2,5,5,1,4,4,1,4,male
166,3,4,5,2,1,5,4,4,1,1,5,4,5,2,5,2,4,3,5,4,4,2,2,2,1,2,5,4,5,5,4,2,female
167,2,2,2,2,2,2,2,3,2,4,4,3,4,2,1,1,3,1,4,1,3,1,2,5,1,1,2,3,4,4,3,1,female
168,3,3,3,1,2,4,3,3,3,2,1,3,1,2,2,2,1,1,2,1,1,1,5,2,1,1,2,4,1,3,2,4,male
169,3,4,4,1,1,5,5,5,1,1,4,3,3,1,5,2,1,1,1,1,1,4,4,4,1,3,4,5,3,5,5,1,female
170,4,2,2,1,1,3,1,1,2,1,5,3,5,1,2,1,4,2,3,1,4,4,1,1,1,1,3,1,5,4,3,4,female
171,5,4,5,5,3,3,1,5,4,1,3,5,4,4,4,1,2,3,5,2,5,3,3,5,1,1,1,1,3,5,3,4,male
172,4,4,4,1,1,5,5,5,1,1,4,3,3,1,5,1,1,1,1,1,1,4,4,4,1,4,4,5,3,5,4,1,male
173,5,4,4,3,3,5,5,2,2,2,2,5,4,2,3,2,2,1,4,1,1,5,5,2,1,1,1,5,3,5,2,3,male
174,3,2,1,4,2,5,5,2,2,3,1,2,4,2,1,5,1,1,4,1,1,2,4,3,1,1,4,5,3,5,2,5,male
175,5,1,3,1,1,5,1,NA,1,NA,4,5,3,3,3,5,5,5,NA,5,5,5,5,NA,5,3,5,5,5,4,1,3,male
176,1,5,1,1,1,4,1,1,3,1,5,1,5,5,1,5,1,1,4,1,5,1,5,4,2,3,1,1,3,3,3,5,female
177,1,1,1,5,4,5,5,4,1,2,1,1,3,1,2,5,3,1,5,2,2,1,1,5,1,1,3,4,3,4,3,4,male
178,3,3,1,1,1,NA,1,1,1,1,4,NA,2,2,1,1,3,1,5,1,3,4,4,4,4,3,2,4,3,5,1,5,male
179,4,4,1,3,3,3,3,1,3,3,4,3,5,3,1,1,2,3,3,1,1,4,1,1,3,2,3,3,3,3,1,3,female
180,5,5,3,2,2,5,3,2,4,2,2,2,4,3,3,1,4,4,5,3,4,2,2,3,2,1,4,4,2,3,4,4,male
181,4,5,5,4,3,5,3,5,1,1,5,4,4,1,1,5,1,1,1,1,1,1,1,1,1,1,5,4,4,5,5,1,male
182,4,4,2,2,3,3,3,3,2,NA,3,3,3,3,3,5,3,4,3,2,2,2,3,3,2,2,2,3,3,4,2,2,male
183,3,2,3,2,2,4,2,2,5,4,4,2,4,5,2,2,3,2,4,1,1,1,3,4,2,2,5,5,5,5,3,5,female
184,5,5,5,2,2,4,1,2,4,2,5,5,3,3,1,1,4,1,5,3,1,3,3,5,3,1,3,5,4,5,5,5,male
185,3,3,1,1,1,3,1,1,1,1,5,3,2,1,1,1,5,3,1,2,1,5,2,2,1,1,3,2,5,3,1,2,female
186,2,5,2,5,2,3,2,1,5,1,5,2,3,1,2,2,3,5,5,1,2,1,5,3,5,1,3,2,5,5,4,5,female
187,3,3,3,1,1,2,1,4,1,1,5,3,2,1,2,1,2,3,4,3,2,1,3,4,4,3,4,1,4,4,2,4,female
188,5,3,1,1,1,5,2,1,1,1,3,2,2,1,1,1,2,1,2,1,1,3,2,1,1,2,1,2,1,2,3,2,female
189,4,1,3,1,5,5,5,1,2,5,5,4,3,5,3,3,1,5,5,2,2,3,3,3,3,2,2,3,3,3,3,NA,female
190,4,3,2,3,1,5,3,3,1,1,5,2,5,1,2,1,2,2,4,3,1,1,2,3,1,1,2,3,1,3,3,1,female
191,3,3,2,5,3,5,4,3,5,4,5,3,3,4,1,2,1,1,2,1,1,1,4,5,4,1,3,3,2,4,4,2,female
192,3,4,1,1,1,4,4,1,1,1,3,2,1,1,1,1,5,1,3,4,5,1,2,2,4,3,2,1,5,4,1,2,female
193,3,3,2,1,1,5,4,4,3,1,3,2,5,1,2,1,2,1,3,4,1,5,2,4,1,5,4,1,2,5,2,5,female
194,3,3,1,1,3,3,2,1,3,1,4,2,2,2,1,1,3,3,4,1,3,4,4,4,4,1,2,3,3,5,1,5,male
195,2,3,2,1,1,4,4,4,1,1,4,3,4,1,3,3,3,1,3,1,5,3,5,2,1,1,2,4,2,4,4,1,male
196,3,3,2,1,1,5,5,3,3,1,2,5,4,3,3,4,2,2,3,2,2,3,4,4,3,4,4,5,3,4,3,1,male
197,4,4,2,1,1,5,3,3,3,1,4,4,5,4,2,3,2,1,5,3,1,1,5,5,1,2,3,3,3,5,4,1,female
198,2,1,1,1,1,4,2,4,1,1,1,4,3,1,1,3,1,1,5,5,1,1,5,1,1,2,4,1,4,5,1,4,female
199,4,3,2,1,1,3,4,1,1,1,2,1,3,1,1,4,1,1,4,1,3,1,2,4,1,1,2,3,1,5,3,4,male
200,2,2,1,1,2,3,3,NA,2,1,4,3,3,1,1,4,3,1,4,4,2,1,3,5,1,1,3,4,1,5,5,3,male
201,3,2,3,1,3,5,5,3,1,1,3,4,4,2,2,3,2,1,1,1,1,1,5,2,1,1,2,4,2,2,2,5,male
202,4,5,1,1,1,5,2,5,1,1,5,5,5,1,5,1,1,1,5,1,5,5,4,4,1,4,5,5,5,5,1,5,NA
203,2,2,2,1,1,4,4,3,5,4,1,3,5,3,1,4,1,1,2,5,2,1,NA,4,1,3,4,4,1,5,3,4,male
204,2,2,1,3,2,5,4,3,5,5,3,1,4,5,3,4,3,2,3,5,1,1,4,3,3,1,4,1,2,5,4,3,female
205,1,2,1,4,3,5,4,3,1,2,5,2,2,1,1,1,1,1,3,1,3,1,1,1,1,1,1,4,4,4,1,3,female
206,5,4,1,1,2,2,2,1,4,4,5,3,5,5,1,1,4,4,4,4,3,5,1,4,4,1,1,4,5,5,1,2,female
207,5,3,5,4,4,4,4,2,2,4,5,3,5,3,5,4,5,3,4,1,3,3,3,3,1,1,1,4,5,4,3,3,male
208,5,2,4,1,1,4,2,2,3,2,5,5,4,3,5,4,2,2,4,2,1,2,5,5,2,3,3,4,3,4,2,5,female
209,3,3,3,1,1,2,1,1,3,2,3,3,4,2,1,3,5,1,4,2,3,2,3,5,1,4,5,3,2,5,5,5,female
210,4,4,4,4,3,4,5,3,2,2,4,5,3,2,4,3,3,4,4,1,1,1,5,5,1,1,1,4,4,5,4,3,male
211,5,4,5,4,5,4,5,4,5,4,5,4,5,4,5,4,5,4,5,4,2,3,2,5,5,5,5,4,4,5,4,5,male
212,1,3,2,1,1,5,5,4,1,1,3,2,5,1,1,3,1,1,3,5,1,1,3,5,1,5,5,1,4,5,3,4,female
213,5,3,4,5,5,5,5,4,3,3,5,4,4,3,4,3,5,1,5,2,5,5,5,1,4,1,4,4,5,5,2,1,male
214,3,3,3,3,4,5,4,4,5,5,5,4,5,5,4,5,3,3,5,2,1,1,3,3,3,4,4,5,4,5,4,4,female
215,4,3,3,3,3,4,3,2,5,5,4,5,5,5,4,4,4,2,2,1,1,2,2,3,2,4,4,5,4,4,2,3,female
216,3,1,1,1,1,3,1,1,1,1,1,3,1,1,1,3,1,1,3,5,1,1,5,5,1,3,3,1,1,5,4,1,male
217,3,3,2,3,4,4,1,1,4,4,3,1,3,5,3,1,2,1,3,1,1,1,1,3,1,1,4,1,2,4,3,1,female
218,2,3,1,2,1,5,4,3,2,2,5,5,5,1,2,1,4,3,4,3,4,3,3,2,2,2,2,2,5,5,4,5,female
219,2,1,5,2,4,5,4,2,5,5,3,3,5,5,3,4,1,2,4,5,5,1,2,4,1,3,3,5,3,5,4,5,male
220,5,3,4,1,2,5,3,3,1,1,1,5,3,1,3,5,2,1,2,1,1,1,5,5,1,3,5,5,1,5,5,NA,male
221,3,3,1,1,1,3,4,1,5,5,3,1,5,3,2,4,3,2,4,2,5,1,5,5,3,1,3,4,2,5,3,5,male
222,3,4,1,4,4,5,5,3,2,1,3,5,5,3,3,4,4,1,5,1,5,3,3,5,3,1,2,5,3,5,4,4,male
223,2,3,1,2,2,3,2,2,1,1,3,3,3,1,1,1,1,2,4,1,1,2,4,2,3,3,4,3,2,3,1,1,female
224,4,5,2,3,2,5,3,2,5,3,5,3,4,2,2,2,3,3,4,5,4,4,5,5,2,2,3,3,3,5,5,5,female
225,2,4,3,1,3,5,4,4,1,1,1,1,2,1,1,2,1,3,1,1,1,1,4,1,1,1,2,4,2,3,1,1,male
226,3,3,4,4,4,5,4,4,2,2,4,4,4,3,2,5,3,3,4,3,3,1,4,2,1,1,2,5,3,5,4,3,male
227,2,1,3,1,1,5,3,3,1,1,1,4,2,1,1,1,1,2,NA,4,1,1,5,3,5,5,5,3,3,5,3,5,NA
228,5,4,3,3,4,4,4,2,4,4,5,5,5,4,3,4,4,4,4,1,1,2,4,2,1,1,3,3,5,3,1,3,female
229,3,3,2,3,3,3,3,3,4,5,4,3,4,4,2,1,5,3,5,4,4,1,4,2,4,1,2,4,4,5,2,5,female
230,2,1,1,4,2,5,5,2,3,2,1,5,3,2,2,2,2,2,5,2,4,1,5,3,2,1,2,4,2,4,5,1,male
231,4,4,4,3,1,4,2,5,2,2,5,4,5,2,1,2,3,3,4,5,1,1,5,4,1,3,5,3,3,5,3,4,female
232,2,4,2,2,1,5,3,4,2,1,3,4,5,4,4,3,2,1,5,5,4,3,4,2,4,5,5,2,3,5,2,5,female
233,1,2,4,4,1,5,4,5,1,1,1,5,5,1,3,1,1,1,5,2,5,1,5,2,3,2,4,2,1,5,1,1,female
234,1,4,1,1,1,4,2,2,4,4,4,1,3,3,2,2,2,2,4,4,1,3,5,5,3,3,3,2,3,4,3,5,female
235,1,1,1,5,4,5,2,5,2,2,1,1,2,1,3,3,1,1,2,2,1,1,4,2,3,3,5,2,1,5,3,5,female
236,5,5,4,1,1,5,1,1,2,3,5,4,4,1,5,2,1,5,2,1,1,3,5,1,3,1,5,1,4,5,1,3,female
237,5,4,5,3,2,5,3,2,3,4,5,2,5,2,5,2,5,2,2,2,2,2,4,4,3,2,5,5,5,5,1,5,female
238,2,2,3,4,1,4,1,5,1,1,4,5,5,2,1,4,2,1,4,4,2,1,5,2,1,2,4,3,2,5,5,5,female
239,2,3,2,2,2,4,2,4,2,1,1,2,5,1,1,2,1,1,3,2,1,1,2,2,1,3,5,3,3,5,1,3,female
240,4,2,4,1,2,3,1,3,4,2,4,4,3,2,3,2,4,2,3,3,2,3,2,4,3,1,4,3,4,4,3,4,female
241,3,3,5,2,2,5,5,4,2,2,1,3,3,2,4,5,3,1,3,1,1,1,5,5,2,3,2,3,2,4,5,3,male
242,3,4,4,4,5,4,3,1,2,1,2,2,5,3,5,4,3,1,2,1,1,2,5,3,1,5,5,3,4,5,3,5,female
243,3,3,2,1,1,4,3,4,2,1,4,1,5,2,2,1,5,4,3,2,2,2,2,2,2,2,5,2,5,5,1,2,female
244,4,5,2,4,1,4,3,2,5,3,5,2,5,5,1,1,2,2,2,1,1,4,2,1,4,3,2,5,3,2,1,1,female
245,1,5,2,1,1,5,1,1,3,1,5,1,3,3,1,1,1,1,2,1,1,1,2,3,1,5,5,1,4,5,1,5,female
246,3,5,2,1,1,2,1,3,1,1,5,5,3,1,1,1,5,1,5,2,1,5,5,5,2,2,2,3,5,5,5,5,female
247,5,3,2,5,4,5,5,4,1,1,1,2,1,1,5,3,1,1,1,1,1,1,1,5,1,1,5,4,2,5,3,5,male
248,3,2,1,1,2,3,1,3,5,4,5,5,5,5,3,1,4,1,5,5,2,1,2,5,3,3,4,NA,4,5,4,1,female
249,5,5,3,2,2,4,2,3,2,2,5,2,5,3,5,1,3,1,2,3,4,1,2,2,1,1,4,3,4,5,4,3,female
250,4,4,2,1,1,5,3,1,5,5,3,3,2,5,1,1,2,5,5,3,3,3,5,3,2,1,4,4,3,5,5,5,female
251,1,1,2,1,1,4,3,4,1,1,5,2,4,1,1,1,1,2,4,3,1,2,5,3,1,4,5,1,3,5,4,1,female
252,2,2,2,1,1,5,4,2,5,5,4,1,4,4,1,2,3,2,4,1,3,1,5,4,3,1,4,4,4,5,1,5,female
253,3,4,2,1,1,5,4,2,1,1,5,3,5,2,1,2,2,2,4,3,3,5,5,3,5,3,5,3,3,5,2,5,female
254,1,3,1,1,5,5,5,1,3,1,1,1,2,2,1,5,1,5,5,2,1,1,5,2,5,2,5,5,1,5,1,1,female
255,2,4,3,2,1,5,3,4,1,1,2,1,2,5,3,3,1,1,3,1,1,1,4,1,3,5,5,1,2,5,1,5,female
256,2,5,1,2,2,4,2,1,4,4,5,3,5,4,1,1,4,5,5,3,5,5,3,5,1,1,1,4,5,5,4,3,female
257,3,2,2,1,1,5,2,3,1,1,2,2,2,1,3,3,1,1,2,3,2,1,1,5,1,5,5,1,1,5,3,1,female
258,4,2,4,5,3,5,5,2,2,2,1,3,4,1,1,5,2,4,5,2,2,1,5,5,1,3,3,5,3,5,4,1,male
259,2,2,2,4,4,5,3,1,1,1,5,5,3,1,1,1,1,3,5,1,3,1,4,2,1,1,1,4,3,5,1,2,female
260,5,4,4,1,2,2,2,2,4,3,5,4,4,3,4,4,2,3,5,NA,2,2,5,2,1,1,1,3,5,5,1,1,male
261,3,3,3,1,3,3,3,3,3,3,3,NA,3,3,3,3,3,3,3,3,3,3,3,1,3,3,3,3,3,3,3,3,male
262,3,2,4,4,2,5,5,5,2,1,5,1,5,1,4,2,3,2,5,5,4,5,2,5,4,4,5,2,2,5,3,5,female
263,3,5,4,3,2,3,3,2,2,2,5,NA,5,3,3,1,4,2,5,3,5,5,4,1,4,1,3,3,4,4,1,3,female
264,1,4,2,3,2,3,2,3,4,1,3,3,5,2,4,3,3,1,2,2,1,3,5,4,2,2,5,1,3,5,2,3,female
265,2,2,2,2,2,5,5,2,5,5,3,2,3,5,3,3,4,1,3,1,1,1,1,5,3,3,3,5,5,5,4,5,female
266,1,1,1,2,1,5,5,1,2,2,3,1,3,2,2,1,1,1,1,1,1,1,3,1,1,3,4,1,2,5,1,5,female
267,3,3,1,4,3,4,4,4,3,1,5,5,5,2,1,3,3,1,4,3,2,1,2,4,3,3,4,3,3,5,4,4,female
268,4,4,4,3,4,3,2,2,3,2,5,2,4,2,2,1,3,4,5,4,4,2,3,3,1,1,3,4,5,5,4,5,female
269,1,2,2,5,3,5,2,1,5,5,1,1,4,3,1,1,1,1,4,5,1,1,5,2,4,2,5,4,1,5,3,5,female
270,3,3,3,2,2,3,2,1,5,4,5,3,5,5,4,1,2,5,4,1,2,2,1,1,2,1,2,5,2,4,3,3,female
271,3,5,3,1,1,5,4,2,2,1,4,4,4,2,2,1,2,1,2,NA,1,1,1,1,1,5,5,2,5,5,1,5,female
272,4,1,3,2,1,4,4,2,2,1,4,3,3,2,2,5,2,1,4,3,1,1,4,5,1,4,4,3,3,5,5,5,male
273,3,4,2,3,2,3,1,1,5,5,5,3,4,5,1,1,5,3,5,1,1,2,1,2,2,1,2,4,5,5,1,5,female
274,3,4,3,2,1,5,4,4,3,2,4,4,5,3,4,2,4,1,4,3,3,2,4,4,1,2,4,4,3,5,5,1,female
275,5,5,5,1,1,3,3,3,1,1,4,2,2,2,5,4,3,1,5,4,2,4,2,4,5,1,1,4,4,5,3,4,female
276,5,5,4,2,2,5,5,3,2,2,5,3,5,2,3,3,5,3,2,3,2,5,4,2,2,4,5,4,5,5,1,2,female
277,4,1,1,3,1,5,1,4,1,1,4,1,4,1,2,1,1,3,4,2,4,1,5,2,1,2,4,1,3,5,5,1,female
278,5,3,4,2,2,5,5,4,1,1,2,2,5,2,4,3,1,1,1,1,1,1,4,5,1,1,2,3,2,5,2,1,male
279,4,3,3,3,3,5,3,2,5,5,5,5,4,3,2,4,3,2,5,2,1,1,1,5,5,3,2,5,2,5,5,5,male
280,3,4,1,1,1,5,1,1,1,NA,1,1,2,1,5,1,1,3,2,1,2,1,3,1,1,2,5,1,2,4,1,5,female
281,3,4,2,1,2,4,2,2,3,1,3,1,3,3,2,2,3,3,4,5,4,5,5,5,1,2,5,2,5,4,3,4,female
282,2,3,3,1,4,4,3,1,5,5,2,4,4,5,1,4,3,1,4,3,5,1,5,1,1,1,2,4,2,5,1,5,male
283,1,3,2,1,1,4,1,5,2,1,1,1,3,1,1,4,1,1,4,1,1,1,2,1,1,2,4,2,3,4,1,5,female
284,2,2,2,5,3,5,5,4,3,2,1,3,4,3,2,3,2,1,4,2,2,1,5,5,3,2,2,5,3,4,5,1,male
285,2,1,1,4,1,5,4,5,1,1,1,4,3,1,1,4,1,1,5,1,1,1,5,5,3,2,1,2,1,3,5,4,male
286,2,3,2,2,1,4,2,2,5,4,5,2,5,5,1,1,4,4,2,3,1,2,4,2,1,2,4,3,3,5,1,5,female
287,4,4,1,1,1,4,4,2,2,1,3,3,5,2,2,4,5,1,5,2,1,1,3,5,2,3,5,3,4,5,2,5,female
288,4,3,3,1,1,4,2,4,4,2,4,4,4,3,2,2,3,2,3,2,2,1,3,4,2,2,4,3,3,5,2,4,female
289,2,2,1,1,3,5,4,3,3,2,NA,3,5,2,2,4,2,NA,5,2,1,2,5,5,1,2,3,4,1,2,5,3,male
290,5,2,5,1,2,4,4,4,2,2,2,4,4,3,5,3,1,1,4,1,2,1,5,4,1,2,2,3,4,5,5,4,male
291,4,3,3,1,1,1,1,1,5,5,5,3,4,5,3,1,5,5,3,3,1,5,3,4,1,1,5,5,5,5,4,2,female
292,4,3,3,2,1,4,1,5,3,1,4,3,4,1,3,3,2,3,3,1,1,1,3,5,1,1,2,3,4,4,4,3,male
293,3,4,3,1,1,5,2,2,1,1,5,4,5,1,2,1,3,1,2,3,1,4,1,2,1,5,5,4,5,5,3,5,female
294,4,1,1,5,5,5,4,2,3,1,5,2,5,1,1,1,3,1,4,1,3,3,1,2,1,1,2,4,4,5,2,5,female
295,5,5,4,1,1,3,1,5,3,1,3,4,5,2,4,2,4,1,3,4,1,1,3,4,1,1,3,2,3,3,2,5,female
296,3,3,3,1,1,2,1,3,4,1,3,4,4,2,2,2,2,4,5,2,1,1,4,5,1,2,5,3,2,4,4,5,female
297,4,2,3,4,3,5,5,2,1,1,2,4,5,1,1,5,2,1,1,1,1,1,5,5,1,1,2,5,1,5,5,4,male
298,1,4,1,3,3,5,3,1,4,4,5,1,3,5,1,2,3,4,3,1,2,3,4,1,3,1,1,3,2,5,2,3,male
299,3,5,3,1,1,3,2,1,1,1,5,2,4,2,1,1,3,2,5,5,1,5,1,5,2,2,3,2,1,5,3,5,female
300,3,4,3,1,1,4,3,3,2,1,1,2,4,3,2,3,3,1,3,2,3,1,5,2,1,2,4,2,3,5,1,4,female
301,3,4,3,3,2,5,3,2,4,2,5,2,4,3,2,1,5,5,NA,1,4,3,1,3,3,1,3,3,4,2,3,2,female
302,5,5,2,2,4,3,4,1,2,3,4,4,1,2,2,2,3,2,4,1,1,2,2,1,2,1,2,5,4,4,1,3,male
303,3,4,3,1,1,5,2,4,2,1,3,2,5,3,4,3,3,5,4,4,2,1,2,3,1,3,NA,3,3,5,2,1,female
304,4,2,2,5,2,4,4,5,2,2,5,4,4,3,3,4,1,1,4,4,1,1,5,4,4,4,5,3,3,3,1,5,female
305,4,5,4,1,1,3,1,4,3,1,5,2,4,2,4,1,1,2,1,3,1,1,2,3,3,1,4,3,1,5,1,1,female
306,5,5,5,4,2,5,2,2,2,1,4,4,5,1,2,1,3,3,5,4,5,2,3,3,1,3,3,3,3,5,4,5,female
307,3,4,1,4,1,5,5,3,3,1,1,5,4,1,3,5,2,2,3,4,4,1,5,5,2,2,5,5,4,5,5,5,female
308,2,2,2,5,3,5,5,1,5,4,5,2,5,5,1,1,2,2,5,1,5,5,5,4,2,1,1,5,1,2,1,1,female
309,3,4,4,2,2,3,3,3,5,2,1,4,4,4,4,4,2,2,4,4,1,1,5,5,2,3,4,4,2,5,4,3,female
310,2,3,1,3,3,3,3,1,3,3,4,2,4,2,1,2,3,1,3,5,1,1,2,4,5,1,5,3,4,5,4,1,female
311,1,1,1,2,2,4,4,2,5,5,1,2,2,5,1,5,1,2,2,2,1,1,3,3,2,2,4,3,2,4,4,5,male
312,5,3,3,3,1,4,3,5,4,3,5,5,5,2,2,4,3,3,3,3,3,2,5,4,2,3,4,3,5,5,5,2,female
313,2,1,1,2,2,3,3,1,1,2,1,3,1,1,1,3,1,1,1,1,1,1,5,5,1,1,1,2,1,4,2,3,male
314,3,4,4,1,1,5,4,1,3,2,3,3,4,1,2,2,3,4,4,5,2,1,4,4,1,4,5,2,NA,2,2,3,female
315,5,4,2,5,5,5,5,2,3,2,3,5,5,3,3,5,5,4,5,2,5,4,5,5,2,3,3,5,4,5,5,5,male
316,4,2,2,1,1,5,3,4,1,1,2,4,3,1,1,2,2,3,2,2,1,1,5,3,1,4,5,4,3,5,1,1,male
317,3,2,2,2,2,4,2,1,5,4,1,2,1,2,3,2,3,1,4,4,1,1,4,4,4,4,5,3,2,5,4,5,female
318,1,1,1,3,3,3,4,2,2,2,3,3,3,2,1,4,1,1,3,3,1,1,5,5,1,2,2,5,1,5,3,5,male
319,3,5,1,3,1,5,4,3,5,5,5,2,4,5,2,1,1,5,3,5,1,2,5,NA,5,3,5,2,5,5,3,5,female
320,3,5,4,1,1,5,2,4,2,1,5,4,5,2,2,2,3,5,5,3,1,3,4,1,1,4,3,3,5,5,3,3,female
321,5,2,3,3,3,5,5,NA,2,1,1,2,4,2,2,4,3,3,5,3,4,3,4,3,3,4,4,4,3,5,3,3,male
322,4,5,2,1,1,5,NA,1,5,2,4,2,4,5,3,1,2,3,4,5,4,2,3,4,2,3,4,3,3,4,4,5,female
323,5,2,5,1,1,2,2,2,1,1,3,5,3,1,5,3,3,2,4,2,5,1,4,5,2,3,4,2,2,4,3,5,female
324,2,4,3,3,3,4,4,2,5,5,1,1,3,5,1,1,1,4,3,1,3,1,5,4,4,3,4,5,2,4,2,5,male
325,1,2,2,2,2,3,3,4,4,2,2,3,3,4,2,1,2,4,4,2,2,1,3,1,1,4,4,2,3,5,4,3,female
326,5,3,3,1,3,5,3,3,5,5,3,5,4,5,2,5,3,3,4,3,3,2,5,5,5,2,3,5,2,5,5,5,male
327,4,4,4,4,1,3,1,5,1,1,1,3,3,2,2,1,1,1,4,1,1,1,4,3,3,3,2,1,2,5,2,4,female
328,3,3,1,2,1,5,5,5,1,1,5,4,4,2,2,4,3,1,4,1,1,3,4,2,2,5,4,4,3,2,2,5,female
329,1,5,4,5,1,5,5,5,1,NA,1,5,5,1,3,5,1,1,3,1,1,1,3,5,1,1,3,1,3,5,3,1,male
330,3,2,2,2,1,4,4,4,3,2,1,2,3,2,1,3,1,2,4,3,1,1,5,3,2,5,5,3,2,5,2,4,female
331,4,3,2,1,2,4,3,1,2,1,1,3,5,NA,1,1,2,2,3,1,1,1,NA,4,1,4,3,3,5,4,1,5,female
332,2,3,2,3,5,5,2,1,5,2,4,3,3,5,2,5,3,3,3,5,3,4,1,5,4,3,2,4,3,5,5,5,male
333,3,3,2,4,4,5,2,1,5,5,5,3,3,5,2,2,2,5,5,4,1,4,5,3,3,1,3,3,4,3,1,5,female
334,5,3,3,3,2,5,3,2,3,3,5,5,3,3,2,2,3,3,3,2,5,4,5,5,3,2,4,3,3,5,3,5,female
335,4,4,3,1,1,5,4,3,1,1,5,5,5,2,2,1,1,1,5,1,1,1,3,2,2,2,4,3,4,5,3,2,female
336,5,2,2,3,2,3,5,4,3,3,2,2,2,2,2,5,3,4,4,4,4,2,3,5,2,2,3,5,5,5,4,3,male
337,1,1,3,5,5,3,4,1,3,5,1,3,3,4,1,2,1,1,4,1,1,1,1,1,2,3,2,5,1,4,1,4,male
338,3,3,4,4,5,3,3,5,1,1,1,1,1,1,4,5,1,3,5,2,1,1,1,5,4,4,1,5,2,5,5,5,male
339,2,2,1,3,1,5,2,4,2,1,3,1,3,1,2,1,4,5,5,5,5,2,4,2,1,4,5,4,5,5,4,1,female
340,5,2,5,1,1,2,2,3,1,1,3,5,3,2,5,3,2,2,4,2,5,1,4,5,2,3,4,2,2,3,2,5,female
341,5,3,4,1,2,3,1,1,2,2,5,4,4,2,3,1,1,5,3,1,2,5,2,1,1,2,1,4,2,4,2,1,female
342,3,3,2,1,1,5,5,1,1,1,1,1,3,1,1,4,3,1,3,5,3,4,5,5,3,4,5,5,1,5,5,2,male
343,2,3,2,4,3,3,3,4,2,3,2,4,3,1,1,1,3,1,2,4,2,1,5,3,1,2,3,2,3,5,4,5,female
344,2,3,1,1,1,3,3,3,5,3,5,2,4,2,2,1,3,1,5,5,2,1,3,4,5,2,3,3,3,4,1,5,female
345,1,1,4,1,1,4,2,5,1,1,1,2,3,1,1,1,1,1,4,1,3,1,5,2,4,5,4,1,1,4,1,1,female
346,3,3,1,3,1,4,1,5,1,2,4,4,5,1,3,3,3,1,4,1,1,1,5,2,3,3,3,2,2,4,3,4,female
347,5,5,2,1,1,5,4,1,1,1,3,4,1,1,1,4,3,1,3,1,1,1,5,3,1,2,3,2,1,5,3,5,male
348,2,2,1,2,2,5,5,4,1,1,1,2,4,1,1,2,1,1,3,1,1,1,3,5,1,3,2,4,1,4,5,1,male
349,3,2,1,3,3,4,4,1,4,4,4,4,2,3,1,1,2,1,5,5,5,1,1,5,5,1,4,4,5,5,4,4,male
350,3,2,2,2,1,4,NA,4,3,1,2,3,4,1,1,3,2,1,5,1,1,1,4,5,1,3,5,1,3,5,5,5,female
351,2,2,1,2,2,5,5,1,1,1,1,1,1,1,1,4,1,1,1,1,1,1,4,3,1,1,1,5,1,5,3,3,male
352,3,3,2,5,4,5,3,2,5,5,4,4,5,5,2,2,2,3,5,3,4,1,5,5,4,4,5,3,3,5,4,5,female
353,1,1,1,1,5,5,3,1,5,5,1,2,3,5,1,3,1,1,5,1,1,1,5,1,3,1,1,2,1,5,5,2,male
354,4,4,4,2,2,2,2,4,2,2,5,4,5,2,4,3,4,2,2,2,4,3,1,3,2,2,4,2,5,5,3,3,female
355,3,4,4,4,4,4,3,4,5,2,5,3,4,3,3,3,4,5,5,3,5,4,1,4,3,4,5,4,5,5,1,4,female
356,4,2,4,4,2,5,5,4,1,1,3,3,4,2,4,4,1,1,3,1,1,2,5,5,1,3,3,3,NA,5,2,1,male
357,5,2,4,5,5,5,4,4,2,2,2,4,4,2,2,3,1,1,3,1,1,1,5,3,1,3,1,5,2,4,2,3,male
358,1,3,1,3,2,3,3,2,4,3,1,1,3,3,2,4,2,1,3,1,3,1,5,5,2,1,3,2,3,3,3,5,male
359,5,2,2,2,2,4,4,1,1,2,2,4,3,1,1,1,1,2,4,2,2,1,3,4,2,3,2,2,2,4,1,5,male
360,5,2,2,1,1,3,1,1,2,1,5,1,5,2,2,3,3,1,3,1,1,1,1,5,1,3,5,2,3,5,1,5,female
361,4,4,3,5,1,5,3,5,3,1,1,1,3,1,1,3,2,1,3,4,1,2,5,5,1,4,5,4,NA,4,NA,2,female
362,4,5,1,1,2,4,5,3,2,2,4,1,5,3,1,4,5,5,5,4,5,4,3,5,2,1,3,3,5,5,3,5,female
363,5,4,1,1,NA,4,3,2,1,2,5,3,5,3,2,4,1,1,2,2,4,2,3,3,1,2,2,4,5,5,5,3,female
364,5,4,1,1,1,3,2,1,1,1,5,4,5,2,1,3,1,2,2,2,5,2,1,4,1,2,1,4,5,5,5,3,female
365,3,3,2,2,1,4,4,5,1,1,1,4,3,1,1,2,2,1,2,1,1,1,5,5,1,3,4,3,2,4,4,1,male
366,5,5,4,1,1,3,2,4,4,4,4,5,NA,4,4,5,4,4,5,1,3,2,4,3,1,1,3,2,3,4,5,1,male
367,1,1,2,5,2,5,5,1,1,1,1,2,4,1,2,3,1,1,1,1,1,1,4,3,1,3,2,NA,1,5,3,1,male
368,5,1,2,1,1,4,5,2,1,1,3,3,4,1,2,5,1,3,4,2,1,1,5,5,1,1,2,4,3,5,5,3,male
369,3,4,2,1,1,4,4,4,NA,2,5,5,5,4,2,4,1,1,NA,1,1,1,5,2,3,5,5,3,2,5,4,5,female
370,4,3,4,4,3,5,4,3,4,2,3,3,2,3,3,5,2,1,5,1,2,1,3,5,3,3,3,3,2,3,5,5,male
371,4,4,2,2,1,5,2,2,5,4,5,4,5,5,1,2,2,1,5,4,2,1,3,3,3,1,5,3,3,5,3,5,female
372,2,5,1,5,3,3,3,3,5,5,5,2,3,5,2,2,3,5,5,5,5,3,2,5,3,1,3,3,3,5,2,3,female
373,3,3,3,1,3,5,5,5,1,1,1,2,4,1,1,4,2,3,5,1,1,1,1,1,1,1,3,5,1,2,2,1,male
374,5,4,3,1,1,4,2,1,1,1,1,5,4,1,1,5,1,1,4,1,1,1,5,4,1,3,1,3,NA,5,5,1,male
375,2,2,1,1,2,2,1,1,5,5,2,2,3,5,1,2,1,1,4,3,1,1,5,4,1,3,5,4,3,5,5,5,female
376,2,1,1,3,2,5,2,1,5,5,4,2,3,3,1,3,1,1,3,1,1,1,5,5,2,2,3,2,4,3,1,1,female
377,2,1,1,1,1,3,1,1,5,3,1,1,3,3,1,1,1,1,3,4,1,1,4,5,NA,3,3,2,2,4,1,5,female
378,3,5,4,5,4,5,4,5,5,5,5,4,5,5,3,4,5,4,4,2,4,3,5,3,2,1,2,3,4,5,5,4,female
379,4,4,1,5,1,4,1,1,1,1,2,2,3,1,1,1,4,1,5,5,2,1,5,2,2,1,3,1,4,5,5,5,female
380,3,5,4,3,3,5,5,4,3,2,2,3,3,2,4,3,3,4,4,5,5,1,3,5,1,2,3,5,4,4,3,3,male
381,3,4,1,2,1,4,3,2,5,5,2,2,4,4,1,2,1,2,3,4,5,1,3,3,1,4,5,3,2,5,5,4,female
382,5,5,3,2,1,4,2,2,1,1,5,2,4,1,3,2,4,1,1,2,1,1,4,1,1,1,4,3,5,5,2,5,female
383,4,2,2,1,1,5,4,1,5,1,2,2,4,4,2,5,2,1,4,5,1,2,NA,5,1,5,5,2,2,5,4,5,female
384,1,2,2,5,2,5,5,2,1,1,1,4,3,1,1,2,2,1,2,1,2,1,1,4,1,1,2,5,3,5,3,1,male
385,2,5,1,5,1,5,1,1,4,3,5,2,5,3,2,1,4,3,3,1,1,1,4,1,1,1,5,2,4,5,1,1,female
386,3,1,1,3,4,5,5,1,1,1,4,3,4,3,3,4,3,1,5,3,3,1,5,3,1,3,2,5,4,5,5,1,male
387,2,4,3,3,4,4,3,4,3,3,3,3,4,4,1,2,2,3,2,2,3,5,5,3,1,1,4,4,2,4,4,2,female
388,2,4,3,2,2,5,3,3,5,3,4,4,5,5,4,3,3,3,3,3,2,1,4,3,1,5,5,3,3,5,4,5,female
389,3,5,3,4,2,3,4,5,3,1,3,2,5,3,2,2,3,5,4,3,5,5,2,4,3,1,4,3,3,3,3,5,female
390,2,5,1,2,1,5,1,2,4,3,3,4,5,3,1,2,5,1,4,2,4,4,5,5,3,2,5,2,2,4,2,3,female
391,5,3,4,3,2,4,3,5,3,4,4,3,5,3,3,4,2,4,4,2,2,2,3,3,1,2,3,3,3,5,1,2,male
392,4,2,1,4,1,2,1,2,2,1,4,2,3,1,1,1,4,3,5,3,1,1,3,4,1,2,4,1,4,5,2,2,female
393,3,3,2,3,1,3,2,2,2,1,1,2,2,3,2,3,2,2,3,3,1,1,2,1,2,3,4,2,4,5,3,1,female
394,5,2,3,1,1,4,4,1,1,1,1,5,2,1,1,3,1,1,3,1,1,1,1,5,2,1,2,3,1,3,3,3,male
395,1,4,2,4,2,5,5,1,4,1,1,2,2,4,2,4,2,2,3,1,4,2,5,3,1,5,3,3,4,5,1,3,male
396,4,1,1,4,3,5,5,3,2,1,3,3,5,1,1,5,1,1,4,1,1,1,4,5,1,1,3,5,1,5,3,1,male
397,2,3,1,4,3,2,3,1,1,2,2,1,4,1,1,2,3,1,3,1,5,1,2,1,1,2,2,3,4,5,3,1,female
398,1,3,2,4,1,5,5,3,1,1,4,1,4,1,1,NA,3,4,3,2,3,2,4,2,1,5,5,3,4,3,1,5,female
399,3,4,3,4,3,5,5,5,2,2,5,4,5,3,5,3,4,4,5,5,1,3,5,4,NA,4,5,5,3,5,4,1,female
400,5,5,3,4,4,3,4,2,4,2,5,3,4,2,3,1,5,5,5,3,5,2,4,2,3,2,3,4,5,5,2,5,female
401,5,2,3,5,5,5,4,2,5,5,5,5,3,4,2,1,4,2,3,1,1,1,1,1,1,1,2,5,2,4,1,1,male
402,2,4,2,1,1,4,2,1,1,1,4,1,3,2,1,1,1,1,3,1,1,1,2,1,1,1,2,2,5,5,1,1,female
403,5,1,3,1,1,5,5,2,1,1,1,5,1,1,1,5,1,3,5,1,1,1,NA,3,2,3,2,4,1,5,3,5,male
404,2,4,1,2,2,3,4,1,1,1,3,1,3,2,1,3,2,1,3,1,1,2,2,3,2,2,1,1,3,4,5,4,male
405,2,2,1,2,2,4,2,1,5,1,1,4,5,2,1,1,4,5,5,1,5,1,5,3,2,1,3,3,3,5,5,5,female
406,5,4,5,2,3,4,2,4,3,2,4,5,5,2,4,2,3,5,5,2,2,3,1,3,2,2,4,2,3,5,1,3,female
407,1,1,1,1,1,5,5,1,2,1,5,5,5,1,1,4,1,5,5,3,5,1,5,1,1,1,2,1,3,4,1,1,female
408,4,4,4,2,2,4,3,4,3,2,4,3,5,3,4,2,5,3,4,4,1,3,1,3,1,3,4,3,5,5,4,5,female
409,3,3,2,1,1,2,2,1,1,1,3,2,4,2,1,1,3,5,5,3,5,1,3,1,1,1,3,4,5,5,1,1,female
410,1,2,1,3,3,5,3,3,1,1,3,5,3,2,1,3,5,2,5,5,2,2,1,5,1,5,5,3,1,5,4,3,female
411,3,1,1,4,4,5,5,3,1,1,1,1,1,1,1,5,1,1,2,1,5,1,5,5,1,1,5,5,1,5,5,5,male
412,5,4,5,1,1,4,2,4,2,1,3,3,5,2,5,5,2,3,4,4,5,1,1,5,1,2,5,2,4,5,1,3,female
413,4,4,3,1,1,3,1,1,1,1,5,2,3,1,2,1,1,3,5,1,1,1,1,2,1,1,5,1,3,4,1,5,female
414,4,2,2,3,2,3,2,2,2,2,2,4,2,2,2,4,2,3,4,1,1,1,5,4,1,3,2,4,2,5,5,4,male
415,4,5,3,3,1,5,4,4,2,1,5,4,5,1,1,1,3,3,2,1,1,5,1,1,1,1,4,5,4,5,1,3,male
416,1,5,1,1,1,5,1,2,5,5,5,1,5,5,3,1,1,1,3,3,1,1,5,1,1,5,5,1,4,5,5,1,female
417,2,2,1,5,2,4,2,5,3,3,4,3,2,1,2,2,3,3,4,4,4,2,5,2,2,2,3,2,2,5,3,3,female
418,4,4,4,5,3,5,5,2,3,1,2,2,2,3,2,2,4,4,4,1,1,1,3,4,1,1,1,4,3,5,4,5,male
419,1,2,2,1,2,3,1,4,2,1,5,2,5,1,2,1,2,3,3,1,1,1,1,3,3,3,5,3,5,3,2,5,female
420,3,5,2,1,2,3,2,2,4,3,3,1,2,5,4,1,3,5,2,4,2,2,3,1,1,1,1,5,4,4,1,2,female
421,5,3,5,1,1,5,3,1,1,1,5,5,3,2,4,1,3,3,3,1,1,1,3,1,1,2,3,2,4,5,3,2,female
422,5,3,3,4,4,5,5,4,4,2,5,5,3,3,3,2,5,2,4,5,1,5,5,2,3,4,4,4,5,5,2,5,female
423,4,4,2,1,1,5,3,3,1,1,2,2,4,2,2,5,2,1,5,5,2,2,5,5,4,5,5,5,5,5,5,5,female
424,2,4,2,1,2,4,4,2,5,4,4,2,5,5,3,3,NA,4,5,2,1,2,3,1,3,3,4,5,3,5,2,5,female
425,3,NA,1,1,1,4,4,5,1,1,NA,2,1,1,1,5,1,1,5,3,1,1,2,1,2,NA,3,2,1,5,2,5,female
426,3,4,2,1,1,5,5,3,3,3,5,1,5,1,3,3,5,3,5,5,1,1,1,5,4,5,5,3,5,5,3,5,female
427,1,2,2,1,1,1,1,1,2,1,2,1,2,1,1,1,2,1,3,1,1,1,4,1,1,1,1,1,4,5,1,1,female
428,3,4,1,1,1,3,2,2,1,1,5,2,4,2,1,1,5,3,4,1,1,5,1,1,1,1,2,4,5,5,1,1,male
429,2,3,3,2,1,5,2,3,2,1,5,3,3,2,3,1,4,2,4,4,5,2,5,3,2,5,5,2,4,4,2,5,female
430,2,4,2,1,1,4,3,3,2,1,5,2,4,2,2,2,3,1,4,1,1,4,NA,5,1,4,3,3,5,5,4,4,female
431,4,3,2,2,2,3,2,1,3,2,5,5,5,3,2,1,2,5,5,4,2,1,1,5,3,1,4,3,3,5,4,4,female
432,2,1,2,5,5,5,5,3,3,3,2,3,4,2,1,5,2,2,4,1,1,1,4,1,3,2,2,5,4,5,4,3,male
433,5,5,4,2,3,4,5,2,3,1,4,3,5,2,2,1,3,1,4,1,5,1,4,3,1,1,1,5,3,5,1,3,male
434,3,2,4,5,2,5,4,5,1,1,3,4,4,1,1,1,2,1,1,1,1,1,2,1,1,3,2,4,2,5,2,1,female
435,5,3,2,1,5,4,2,1,5,5,3,4,4,5,3,5,3,1,4,5,1,1,4,5,1,2,4,4,3,5,4,4,male
436,2,2,1,1,3,3,2,1,4,4,1,1,4,5,1,1,1,1,3,2,1,1,3,2,2,3,5,2,4,5,2,5,female
437,2,2,1,2,3,4,3,2,5,5,2,3,2,5,1,4,2,3,3,5,1,1,2,4,1,2,4,4,2,4,1,2,male
438,1,5,NA,1,3,4,2,3,2,1,1,2,3,1,3,NA,1,1,1,2,2,2,4,2,1,2,2,2,2,5,3,1,female
439,1,5,2,1,2,4,4,3,2,1,5,2,4,2,1,1,1,2,3,1,1,4,2,1,3,4,3,5,2,4,1,4,female
440,4,3,2,3,1,5,3,5,1,1,2,4,5,2,2,4,1,1,3,1,1,1,5,5,1,3,3,1,1,5,2,1,male
441,4,4,3,1,1,4,3,3,2,1,3,4,4,2,2,3,2,1,3,4,2,1,3,3,2,4,4,3,3,5,3,3,female
442,1,5,2,2,2,2,2,2,5,5,5,4,1,5,1,1,1,1,4,5,1,1,2,5,1,2,3,3,3,5,2,5,female
443,2,2,3,3,2,3,4,2,3,3,2,3,3,2,2,2,4,3,3,2,5,2,3,4,2,4,3,4,4,5,2,5,female
444,5,5,5,3,2,3,1,3,2,1,5,4,5,2,4,1,1,5,3,2,1,1,4,1,1,1,3,2,3,5,4,1,female
445,3,5,4,4,4,4,1,2,4,3,3,3,4,4,1,2,4,2,5,3,1,2,3,4,1,1,2,3,3,5,5,1,female
446,4,2,3,1,1,4,1,5,1,1,4,4,4,1,4,1,1,1,4,5,1,1,4,5,3,5,5,3,2,5,3,5,female
447,1,4,2,3,1,5,2,5,1,1,1,3,3,1,1,3,1,1,1,1,3,1,5,3,1,1,2,2,1,5,3,2,male
448,5,4,5,3,3,3,3,5,5,4,5,5,5,5,4,1,5,5,4,1,4,5,1,1,3,1,1,3,5,3,1,4,female
449,3,3,3,4,1,2,1,5,1,1,4,1,5,1,4,3,2,1,4,1,1,1,3,1,1,3,5,3,4,5,3,4,female
450,2,2,1,3,2,3,2,2,5,5,5,3,3,5,2,2,1,2,4,3,1,1,2,1,2,2,3,3,5,5,2,NA,female
451,3,1,2,2,1,5,2,1,5,3,5,2,2,5,2,4,1,2,1,2,1,1,5,4,4,5,3,5,1,5,1,5,male
452,3,3,2,2,2,3,3,2,4,3,1,1,3,5,2,2,2,2,4,4,1,1,5,5,1,1,3,4,4,4,2,3,male
453,1,3,2,3,1,4,3,5,3,1,4,5,5,5,3,4,5,3,5,5,1,1,5,5,2,3,5,3,4,5,4,5,female
454,2,2,1,2,1,3,2,2,5,5,5,3,3,5,2,2,1,2,4,3,1,1,2,1,2,2,3,3,5,5,2,3,female
455,3,4,3,3,1,5,2,5,2,1,3,4,5,2,5,1,3,1,4,2,5,1,4,1,2,5,5,2,2,5,4,5,female
456,1,3,2,2,1,4,3,2,3,2,2,2,5,3,1,2,4,3,4,4,3,2,3,5,4,4,5,2,3,4,1,3,female
457,5,3,5,5,4,5,5,5,4,4,2,5,2,4,4,5,1,4,2,1,1,1,5,5,1,1,1,4,2,5,4,5,male
458,3,5,3,5,4,5,5,3,2,1,1,2,3,2,1,5,1,3,4,2,2,2,5,3,1,1,1,4,1,5,4,2,male
459,5,5,1,1,1,5,5,5,5,5,5,5,5,5,5,5,5,5,5,5,5,1,1,1,1,1,5,1,5,5,1,1,female
460,2,2,1,1,1,3,1,1,4,2,3,4,5,5,1,1,5,4,4,2,4,1,4,1,1,1,3,3,5,5,5,2,female
461,4,1,5,1,1,5,4,3,1,1,3,5,5,1,3,4,1,5,1,1,1,1,5,5,1,1,1,3,1,5,5,5,male
462,3,3,4,3,2,4,3,4,2,2,3,4,4,3,3,4,3,3,4,3,2,3,3,3,3,3,4,4,4,4,4,3,male
463,3,3,3,3,3,3,3,2,4,3,3,3,3,3,3,1,1,1,4,1,3,1,4,2,3,1,2,4,3,4,2,2,female
464,1,3,1,3,1,4,2,2,4,2,3,2,4,2,1,1,4,5,5,1,1,1,3,1,3,1,5,1,3,5,1,4,female
465,2,3,1,1,1,4,4,4,2,1,1,5,5,2,2,3,2,3,5,1,1,1,4,1,1,3,5,3,2,2,2,1,female
466,5,2,3,2,2,5,4,3,3,1,5,5,5,2,3,1,2,1,4,2,1,1,1,3,1,2,3,4,4,4,2,1,female
467,1,1,2,1,1,4,4,4,1,1,1,1,4,1,4,5,1,1,3,1,1,1,1,5,2,5,4,4,1,5,5,1,male
468,1,2,3,3,1,4,1,5,1,1,1,1,3,1,2,1,1,1,2,1,1,1,2,2,1,2,3,1,2,4,1,1,female
469,3,2,4,4,2,4,3,5,1,1,2,3,4,2,2,3,1,4,3,1,1,1,2,4,2,3,4,4,2,4,2,4,female
470,3,2,2,3,2,5,5,3,1,1,2,4,4,3,2,3,1,3,5,3,1,1,3,3,1,3,2,5,2,5,3,1,male
471,4,3,2,2,1,5,4,2,2,1,3,4,3,2,1,4,2,4,3,1,3,1,4,1,2,3,3,2,5,5,3,2,female
472,3,3,2,3,4,4,4,3,4,4,2,3,2,2,2,5,1,1,4,1,1,1,2,5,1,1,3,5,1,5,5,1,male
473,2,1,1,5,4,3,1,2,4,2,1,4,1,2,1,2,1,1,3,1,1,3,5,2,1,1,1,2,1,2,2,2,male
474,5,3,2,2,2,3,3,2,5,5,5,3,3,5,2,4,3,3,4,1,4,3,1,1,1,1,1,1,2,3,1,5,male
475,3,3,3,5,5,5,5,1,5,5,3,1,2,5,3,5,3,3,3,1,5,NA,2,5,1,2,3,5,4,5,5,5,male
476,4,5,3,3,2,4,2,2,3,2,5,3,3,2,3,1,2,2,4,2,5,3,3,3,1,4,2,2,3,5,2,5,female
477,3,3,1,1,1,3,3,1,4,4,5,2,3,5,1,1,5,2,3,2,1,4,2,3,2,2,3,3,2,NA,2,5,female
478,2,2,2,4,2,3,2,2,2,5,4,2,2,2,1,1,3,1,3,2,4,2,2,3,1,NA,1,3,3,4,4,4,female
479,2,2,2,1,1,4,3,5,2,2,5,5,5,2,2,4,NA,4,3,4,3,5,2,1,1,2,4,3,5,5,1,4,male
480,2,3,3,1,2,4,2,1,4,4,3,3,4,5,2,2,2,2,3,2,4,1,3,2,3,2,3,4,3,5,2,5,female
481,3,2,3,3,2,4,4,2,5,4,4,3,5,4,2,3,4,2,4,4,3,1,5,3,4,2,5,4,5,5,3,5,female
482,5,5,2,1,4,4,5,1,3,1,5,4,NA,5,1,2,5,3,4,1,4,5,1,2,1,1,1,4,3,5,1,1,male
483,4,2,4,4,2,4,4,4,3,2,3,2,1,2,3,2,2,1,2,1,1,2,3,3,1,2,1,3,2,4,2,5,male
484,3,4,1,4,4,4,2,2,NA,5,3,3,4,5,2,1,1,2,1,2,2,2,4,2,1,3,5,5,1,5,4,3,female
485,4,2,2,4,1,4,3,5,1,1,4,3,4,1,3,1,1,1,3,1,3,1,NA,3,3,2,4,1,2,5,5,1,female
486,1,1,1,1,1,5,3,3,4,1,1,3,5,1,2,1,1,3,5,1,1,1,3,1,1,4,2,4,1,3,1,1,female
487,4,5,4,3,2,3,3,4,2,2,4,2,5,3,5,1,5,2,3,4,1,1,3,4,1,5,4,3,5,4,1,1,female
488,1,5,2,1,3,5,5,2,5,3,1,2,3,5,4,5,2,5,5,5,2,1,5,5,1,5,5,5,1,5,4,1,female
489,5,2,5,3,4,4,4,3,2,2,5,4,5,3,5,4,3,1,5,1,4,2,3,5,1,1,2,5,4,4,3,3,male
490,5,4,5,1,1,4,1,2,3,1,5,5,5,3,4,1,1,2,2,3,1,3,5,5,1,3,5,5,3,5,5,2,female
491,1,5,1,1,1,5,1,5,1,1,1,1,4,3,3,1,1,3,2,4,1,1,5,5,1,4,5,1,1,4,1,1,female
492,2,3,2,2,1,3,3,2,5,2,2,3,4,5,1,1,2,2,3,5,3,1,1,5,1,3,3,3,3,4,2,2,female
493,5,5,2,3,2,4,3,1,5,2,5,5,5,4,1,1,4,4,4,5,4,5,1,2,2,4,2,2,5,5,3,5,female
494,3,1,3,2,2,5,3,2,1,1,1,2,2,1,1,5,1,1,3,2,1,1,5,3,2,2,2,5,2,5,4,5,male
495,2,4,2,4,3,4,2,4,3,2,3,3,4,4,3,2,4,2,4,1,1,1,3,3,2,3,4,2,3,5,4,1,female
496,2,2,2,2,1,3,3,4,4,2,4,3,4,3,2,1,3,2,3,3,3,1,5,1,5,4,5,3,3,5,4,4,female
497,3,3,4,3,3,3,2,4,3,3,3,4,2,3,2,2,1,3,5,2,2,1,1,1,3,2,4,2,1,4,2,2,female
498,3,5,3,1,1,3,2,3,2,1,3,2,3,1,1,1,5,3,2,3,5,3,4,4,1,1,3,3,5,5,3,1,female
499,4,4,3,1,1,5,1,1,1,1,5,3,5,4,3,2,2,3,5,4,4,1,5,1,3,1,2,2,3,5,1,5,female
500,3,NA,4,2,2,5,5,3,4,1,3,1,2,1,1,3,2,1,3,1,3,1,4,2,1,1,1,5,2,5,1,1,male
501,4,4,3,3,4,4,4,2,5,5,5,3,4,4,1,2,3,5,4,4,5,2,5,1,2,3,4,3,3,5,2,5,female
502,3,2,2,4,1,4,2,5,2,2,4,2,5,2,2,2,2,4,4,3,5,1,3,5,1,2,3,2,2,5,4,1,female
503,2,1,4,3,1,5,5,4,1,1,1,1,4,1,2,5,1,1,2,1,3,1,2,3,1,1,4,5,1,5,3,1,male
504,4,4,1,5,5,5,5,1,5,2,1,5,4,4,1,1,3,5,5,1,5,1,1,1,1,3,3,5,2,3,3,3,female
505,3,3,3,5,1,5,3,1,1,5,3,5,4,3,1,5,4,1,5,5,3,1,5,3,5,5,5,5,1,5,5,5,female
506,2,3,2,3,4,4,3,3,2,4,2,2,2,2,2,3,2,1,2,2,1,1,4,5,1,3,2,4,1,5,3,1,male
507,2,3,3,2,3,5,5,3,2,1,1,2,2,3,1,2,1,1,1,1,1,1,5,5,1,1,3,4,1,5,5,4,male
508,3,4,2,2,2,3,2,1,4,5,2,4,2,3,1,2,3,2,4,5,5,1,2,5,3,2,2,4,4,4,5,3,female
509,3,4,5,1,1,5,3,4,1,NA,3,4,5,1,2,3,1,2,5,1,5,3,5,2,1,2,2,1,2,5,1,3,male
510,5,1,1,1,1,5,5,4,1,1,4,5,5,5,4,1,1,1,4,5,5,1,4,5,1,1,5,1,1,5,5,4,female
511,3,4,2,3,5,3,5,3,3,1,3,3,4,2,3,5,3,1,5,5,1,1,5,5,1,1,3,5,5,5,5,5,male
512,2,3,1,4,5,4,5,3,3,3,2,3,5,3,2,5,3,1,5,1,2,1,2,4,1,1,3,5,4,5,5,4,male
513,1,1,5,1,1,4,3,1,1,1,5,5,5,1,5,3,3,3,5,5,5,5,1,1,3,5,5,5,2,4,1,1,female
514,2,1,4,5,3,5,5,2,1,1,3,2,3,2,1,4,2,1,2,2,1,1,5,5,3,3,2,4,3,5,5,4,male
515,3,2,1,1,1,4,3,1,1,1,2,2,3,1,3,3,2,2,4,1,5,2,2,1,1,3,3,2,3,4,1,2,male
516,3,4,3,4,1,5,4,2,1,1,1,2,4,1,1,3,4,4,5,1,2,1,5,1,3,3,5,2,4,5,3,1,male
517,5,3,1,1,2,5,5,3,3,1,1,3,5,3,3,5,3,3,5,5,NA,3,5,5,3,1,5,1,1,5,5,5,male
518,4,5,3,2,4,5,3,4,5,5,4,5,5,5,5,3,4,2,3,5,1,4,1,5,1,5,5,5,NA,5,4,2,female
519,3,4,3,1,2,3,1,1,5,5,5,2,4,5,1,1,2,3,4,4,1,1,3,5,1,3,4,2,2,5,1,5,female
520,4,2,2,2,2,4,3,2,1,2,1,3,4,2,3,3,5,1,3,1,1,1,3,5,5,1,2,2,1,5,4,2,male
521,4,3,3,3,2,5,3,2,2,2,3,3,5,3,3,2,3,3,4,4,1,1,4,4,3,3,5,3,3,5,3,3,female
522,3,4,1,1,1,5,2,1,4,4,2,1,3,4,3,2,3,3,4,3,5,3,3,1,1,4,5,3,3,5,2,4,female
523,2,3,4,1,1,4,2,3,2,1,3,4,4,2,3,2,2,2,4,3,1,1,3,4,1,2,4,3,4,5,4,5,female
524,2,1,2,NA,4,4,5,1,1,1,1,5,NA,1,1,3,1,3,4,2,1,3,5,5,1,1,3,4,1,5,3,4,male
525,3,4,1,3,2,5,2,1,5,4,3,4,3,5,1,1,3,3,5,2,1,1,5,1,1,5,3,1,4,5,5,5,female
526,3,3,3,3,3,3,3,4,3,3,3,3,3,3,3,3,3,3,5,4,3,3,2,5,3,2,4,3,4,NA,4,4,female
527,4,3,3,5,5,5,4,2,4,5,2,4,2,5,3,4,3,2,4,2,4,1,5,5,3,2,1,5,3,5,NA,5,male
528,2,2,3,5,5,5,4,4,2,2,3,4,4,2,3,2,4,3,4,4,4,3,4,5,2,2,3,3,4,3,4,5,female
529,2,3,2,5,5,5,4,2,1,1,1,2,3,3,3,5,1,3,2,1,1,1,5,5,1,1,1,5,1,5,4,1,male
530,5,3,5,1,1,5,2,2,3,1,1,3,4,2,5,2,1,1,1,1,1,1,5,1,1,2,2,2,1,4,1,3,male
531,5,5,2,3,4,5,2,4,3,3,2,4,4,4,3,1,3,5,4,5,2,1,1,1,1,2,2,4,3,3,4,2,female
532,5,5,5,3,4,5,5,5,2,2,1,5,4,1,2,3,4,4,5,2,1,2,5,3,2,1,2,4,1,5,3,1,male
533,5,3,3,1,1,5,2,3,1,1,4,4,5,1,2,1,3,1,4,5,2,3,5,3,2,3,5,3,5,5,3,1,female
534,3,4,2,3,2,5,4,3,3,2,4,3,5,2,2,3,2,2,4,2,2,2,5,5,1,1,3,4,4,5,5,1,male
535,3,3,2,1,1,3,2,3,1,1,4,2,3,3,1,1,1,1,4,2,2,1,3,1,1,2,4,4,4,3,2,5,female
536,3,5,4,3,2,5,1,5,3,2,1,3,4,2,1,5,3,5,5,3,3,4,4,4,3,3,5,5,2,5,5,5,male
537,3,5,3,1,1,5,2,1,1,1,1,2,5,1,5,5,2,2,1,1,3,1,5,5,1,5,5,1,2,5,5,5,female
538,4,5,5,2,4,5,3,3,2,2,1,5,5,3,3,4,2,3,5,1,4,1,5,4,1,1,3,5,5,5,5,1,male
539,4,2,2,1,1,4,4,2,5,5,2,4,2,5,3,2,2,3,3,1,1,1,3,1,2,3,4,2,2,5,2,5,female
540,5,4,5,1,5,5,5,2,4,4,2,4,4,5,5,3,4,2,1,1,5,4,3,4,2,3,5,5,4,3,4,1,male
541,3,4,3,3,5,5,5,1,5,3,4,1,2,5,1,5,4,4,5,1,5,4,5,3,3,3,4,5,5,5,5,5,male
542,2,2,2,1,1,4,3,2,5,5,3,1,3,3,1,2,1,2,2,2,1,1,2,1,2,3,5,3,2,5,3,3,female
543,4,4,4,2,2,5,5,4,1,1,2,3,4,2,2,4,4,3,4,4,5,2,4,5,2,4,4,4,4,5,3,2,NA
544,3,4,2,2,2,5,5,5,3,3,1,1,2,2,5,5,2,2,NA,1,1,1,2,1,1,1,3,3,4,4,2,2,male
545,3,1,2,1,1,3,1,1,5,5,3,3,2,5,1,2,3,1,3,1,1,1,1,3,3,1,4,5,4,5,4,5,male
546,3,3,1,1,1,5,3,2,2,1,1,1,1,1,1,5,3,1,3,2,1,2,3,3,1,2,5,5,5,5,5,1,male
547,3,2,3,4,4,5,5,3,2,2,2,4,5,3,2,5,5,4,5,3,5,2,5,5,3,1,3,5,5,5,5,2,male
548,5,3,5,1,1,3,3,1,2,1,5,5,5,2,2,1,4,4,3,1,5,4,5,5,2,1,1,2,5,5,5,4,male
549,2,5,2,1,1,3,1,1,4,1,1,1,3,3,2,2,1,2,3,1,1,1,3,2,2,3,3,2,2,4,1,3,female
550,2,4,2,1,1,3,1,5,2,1,1,3,4,3,1,1,2,1,2,3,1,1,2,1,3,2,4,3,1,3,1,2,female
551,3,4,4,3,1,4,2,2,3,1,5,2,5,2,3,1,3,3,5,5,5,3,4,2,2,2,4,3,1,4,3,5,female
552,4,3,1,3,1,3,2,2,3,2,3,2,4,1,1,1,2,5,5,1,5,1,5,3,3,4,3,2,1,5,1,1,female
553,4,5,5,3,1,5,2,2,4,1,5,2,5,3,5,2,5,4,4,5,5,5,5,4,2,5,5,3,5,5,3,5,female
554,2,4,4,3,1,3,2,3,2,2,1,2,4,2,4,3,1,3,4,5,4,2,4,3,1,1,5,2,3,5,5,5,female
555,2,5,3,5,3,4,4,4,3,2,2,3,3,3,3,5,3,4,5,4,3,2,4,5,2,3,3,4,2,4,3,3,male
556,1,2,1,1,1,4,1,4,1,1,3,4,4,1,1,1,3,2,5,2,1,1,3,2,2,5,5,1,1,5,2,3,female
557,2,1,1,1,1,3,2,4,1,1,2,2,4,1,1,1,1,1,4,2,1,2,4,4,1,3,5,1,1,5,2,2,female
558,5,4,1,1,1,5,4,3,2,1,3,4,5,1,2,1,3,1,4,3,3,4,3,1,1,1,5,3,4,5,5,5,female
559,3,3,2,2,2,4,2,2,3,2,4,2,4,2,2,2,5,3,4,2,1,4,2,3,1,2,4,2,5,5,1,4,female
560,1,1,1,1,1,5,2,2,1,1,1,5,2,1,1,2,1,1,4,2,1,1,3,2,1,4,3,1,3,5,1,2,female
561,1,2,3,1,2,5,NA,5,5,5,4,2,4,5,5,5,5,4,5,5,5,5,1,5,5,2,2,2,3,NA,5,5,female
562,4,4,4,2,3,4,4,2,3,1,3,5,4,2,2,2,3,4,5,2,3,2,5,5,3,2,2,3,4,4,2,3,male
563,3,1,2,1,3,5,5,3,2,2,1,4,3,1,2,5,2,1,5,3,3,1,5,5,2,3,3,2,3,5,5,3,male
564,5,2,1,1,2,5,3,3,3,3,1,4,5,3,4,4,2,1,4,2,1,1,5,5,1,4,5,4,2,4,4,4,male
565,3,1,5,2,2,3,3,5,1,1,1,1,5,1,1,4,1,1,1,1,1,1,3,5,1,1,3,5,1,5,5,3,male
566,1,3,1,2,1,5,5,2,3,NA,5,1,5,1,2,5,5,1,5,5,1,2,5,5,5,5,5,2,3,5,5,2,female
567,4,4,2,3,1,5,2,3,1,1,5,1,2,1,1,1,3,3,4,5,5,3,5,1,3,2,1,2,5,4,1,4,female
568,1,2,1,3,2,2,3,2,NA,2,1,1,2,2,1,4,2,1,3,2,3,1,4,4,1,2,3,2,2,4,5,2,male
569,1,1,1,1,1,5,4,3,2,1,2,5,5,2,1,2,1,1,5,4,2,1,5,2,2,5,5,1,1,5,2,1,female
570,4,5,4,3,4,4,3,2,3,2,2,3,4,3,5,2,2,2,3,4,5,2,5,5,3,2,4,2,3,5,3,5,female
571,4,3,2,1,1,5,3,2,2,1,1,4,5,1,1,5,1,1,5,1,2,1,5,5,1,3,5,4,3,4,4,3,male
572,1,2,1,4,3,5,5,3,4,3,4,5,5,3,4,5,2,3,4,3,2,2,3,5,1,1,3,1,2,5,5,4,male
573,2,4,2,3,1,5,1,1,5,4,2,3,3,NA,2,2,1,1,5,3,3,1,5,5,4,1,5,5,4,5,5,5,female
574,3,1,1,1,3,5,3,1,1,3,1,5,5,1,1,2,1,3,4,1,1,1,5,5,1,2,5,3,1,5,5,4,male
575,3,3,2,1,1,3,3,3,5,5,1,3,5,4,1,4,1,1,3,3,1,1,5,5,3,3,4,4,2,5,4,4,female
576,2,5,2,2,3,3,2,1,4,4,5,3,4,5,3,3,4,2,5,4,3,3,3,5,3,2,2,5,5,5,5,4,female
577,3,2,2,3,3,5,5,3,3,2,1,4,3,2,3,5,3,1,4,2,1,1,5,5,1,2,3,5,5,5,5,4,male
578,3,4,4,4,3,5,2,2,2,2,3,2,3,3,2,2,2,1,1,4,4,1,3,3,1,2,5,2,3,5,5,5,female
579,2,2,1,1,1,5,3,2,5,5,5,2,5,4,1,1,1,1,5,3,2,5,5,1,2,4,4,5,4,4,3,5,female
580,5,5,2,5,4,5,5,1,2,2,2,2,3,1,2,5,1,1,2,1,2,1,5,5,1,4,2,4,2,5,1,2,male
581,3,5,3,2,2,2,3,5,2,1,1,1,2,1,3,3,1,1,2,1,1,1,1,5,1,1,2,3,NA,3,5,NA,male
582,1,4,2,3,1,5,3,3,2,2,2,2,2,1,3,2,2,1,3,2,1,1,5,4,2,3,5,3,4,5,3,5,female
583,5,4,4,3,2,3,2,3,2,2,4,5,5,2,2,1,1,2,5,2,1,2,5,2,1,1,2,3,2,5,3,1,male
584,5,5,5,2,2,5,5,4,1,1,3,2,3,1,5,3,1,3,3,3,3,5,4,3,2,1,1,5,3,4,3,4,male
585,3,2,2,2,2,3,3,3,3,1,1,2,2,1,1,1,1,1,3,1,1,1,3,1,2,2,2,3,2,3,1,5,female
586,2,2,2,1,1,3,3,4,2,1,1,1,3,1,1,1,1,1,1,1,3,1,2,5,1,3,3,3,1,5,1,3,male
587,4,2,5,1,1,5,5,1,1,3,5,5,5,1,3,1,1,5,4,1,5,5,1,5,1,3,5,5,2,5,3,4,male
588,4,3,1,1,2,3,2,1,2,3,1,2,4,2,3,3,1,1,5,1,2,1,2,5,2,2,3,2,2,5,5,5,female
589,3,3,2,1,1,5,2,3,2,1,4,5,2,2,2,2,2,1,5,5,3,1,2,5,4,3,5,1,5,5,3,3,female
590,5,4,3,1,1,4,3,5,3,1,4,3,4,3,4,3,5,1,5,3,4,3,3,5,2,1,4,4,5,5,5,4,female
591,4,4,3,5,5,4,4,4,4,4,4,2,4,2,3,3,4,3,4,5,1,1,2,4,2,1,2,5,3,5,3,4,male
592,3,5,4,1,2,3,1,5,2,2,3,5,5,3,4,4,3,2,5,5,2,4,3,5,1,2,4,4,5,3,4,3,female
593,3,5,5,1,1,4,3,5,3,1,1,3,5,5,3,5,3,1,4,5,1,1,1,1,1,4,5,5,5,5,3,5,female
594,2,4,1,1,2,1,1,1,5,5,4,3,3,5,1,2,2,1,5,3,3,1,5,2,2,1,2,3,3,5,3,5,female
595,5,4,2,2,2,4,3,1,2,2,5,3,5,1,1,2,4,2,4,1,5,1,1,3,1,1,3,3,4,5,4,1,male
596,4,5,1,1,1,1,2,1,3,1,4,3,4,5,1,2,1,5,5,1,1,3,2,4,1,1,1,1,1,3,5,5,male
597,2,4,1,1,2,5,5,2,2,2,1,5,1,1,2,2,2,1,5,1,1,1,3,2,2,1,1,4,1,4,4,4,male
598,2,2,2,2,2,5,5,2,2,2,2,2,2,2,2,4,2,2,5,2,2,1,5,5,2,2,2,2,2,5,5,2,male
599,3,2,1,2,2,4,5,3,3,1,1,2,3,1,1,3,2,1,5,3,2,1,5,3,2,3,2,5,3,4,2,5,male
600,4,3,3,4,2,4,4,5,2,2,1,3,3,2,2,4,2,3,4,3,2,2,5,4,1,3,3,2,2,5,4,2,male
601,2,5,3,1,1,5,1,2,4,2,5,3,2,2,2,3,3,1,2,3,1,1,5,3,2,5,3,2,4,5,2,5,female
602,3,3,1,2,1,4,1,1,3,2,3,3,5,3,1,1,4,5,5,5,5,1,2,2,2,1,3,1,4,5,1,5,female
603,4,4,3,2,3,3,1,4,2,2,1,3,3,1,2,3,2,3,4,3,1,1,5,5,1,2,2,4,1,5,4,3,male
604,3,2,2,2,1,5,2,5,2,1,1,4,4,1,2,2,3,2,4,3,1,1,3,5,2,4,4,4,2,5,3,3,female
605,5,5,1,1,1,5,3,3,2,1,5,1,3,3,3,4,5,3,3,4,2,3,5,5,1,3,5,4,3,5,3,5,female
606,3,2,2,2,5,3,1,1,3,1,1,5,1,1,1,5,3,1,5,1,5,1,5,5,3,2,3,5,5,4,3,5,male
607,2,2,1,2,2,4,4,1,2,1,2,3,1,2,1,4,1,4,4,1,1,1,3,1,NA,2,2,4,2,4,1,4,male
608,4,3,5,1,2,2,2,2,5,5,5,2,3,5,1,2,1,3,1,2,1,1,2,2,1,1,5,5,3,5,1,5,female
609,5,5,5,5,5,4,2,4,2,4,2,4,2,4,2,4,2,4,2,4,2,4,3,3,3,3,4,2,2,4,2,4,male
610,5,5,2,5,2,5,5,4,1,1,4,2,4,1,1,3,3,5,4,1,3,1,3,5,1,1,4,5,3,4,4,3,male
611,2,2,3,2,2,5,5,2,5,5,2,1,5,5,1,2,1,1,1,1,4,1,2,3,1,4,2,4,1,5,1,1,male
612,3,5,3,3,1,5,3,5,5,1,2,1,4,2,3,3,1,1,3,3,1,1,4,1,1,4,5,4,3,5,3,5,female
613,4,3,4,3,4,5,5,3,2,2,2,2,3,2,2,3,2,1,2,1,5,1,2,2,1,3,3,2,2,4,1,2,male
614,4,5,2,1,1,4,3,2,2,1,4,2,3,1,2,3,4,1,2,2,4,2,5,3,1,2,4,2,3,5,3,5,female
615,3,5,4,1,1,3,1,1,3,1,4,3,4,1,1,3,4,1,5,3,1,1,2,5,5,2,5,5,4,5,3,5,female
616,2,4,2,2,3,2,1,1,2,2,3,3,5,3,1,2,2,5,4,1,5,3,5,2,2,1,2,4,3,4,2,2,male
617,4,4,2,3,4,5,5,1,5,5,1,4,2,5,2,5,1,1,1,1,2,1,5,4,1,1,2,5,1,5,3,4,male
618,3,5,5,1,1,3,1,5,1,1,5,NA,5,1,5,5,5,3,3,1,1,1,1,5,1,1,4,4,5,5,5,1,female
619,5,1,5,1,1,5,5,4,2,2,5,5,5,2,2,5,2,2,5,1,5,1,5,1,1,4,3,3,5,5,5,1,female
620,3,2,2,5,5,5,4,2,3,2,1,5,4,2,3,4,1,1,2,1,1,1,2,1,1,1,1,5,1,5,3,1,male
621,4,3,3,1,1,4,2,1,1,1,5,5,5,1,1,4,3,1,2,1,1,4,3,3,1,1,1,4,3,5,4,2,male
622,1,1,1,1,1,1,1,1,1,1,3,1,3,1,1,NA,1,1,2,1,1,1,1,2,1,1,1,1,1,3,2,3,NA
623,2,3,3,1,1,5,3,4,1,1,4,3,5,1,4,2,3,1,3,3,2,1,5,5,1,1,3,2,4,5,4,5,female
624,5,2,1,1,1,4,3,3,2,2,1,2,1,1,2,3,2,1,5,1,1,1,3,1,3,2,2,3,1,5,3,3,male
625,3,5,1,1,1,3,1,4,4,2,2,1,5,3,2,1,3,1,2,5,2,4,3,5,NA,3,5,1,3,5,5,2,female
626,2,3,3,3,1,5,4,2,1,1,1,4,5,2,2,2,1,4,2,5,5,1,5,5,2,3,4,3,2,5,2,5,female
627,2,4,2,2,2,4,4,4,4,2,3,3,3,2,2,4,2,2,4,2,2,1,4,3,4,4,4,2,2,4,4,4,female
628,3,3,3,3,1,5,4,3,4,4,2,3,3,3,2,1,2,2,4,2,3,1,2,3,2,4,4,2,2,5,2,1,female
629,2,4,2,4,4,4,4,3,3,3,1,2,3,2,2,3,1,1,1,1,3,1,5,5,1,1,2,4,1,4,5,4,male
630,2,1,4,1,1,4,1,3,2,1,2,5,5,1,3,1,5,1,5,3,1,1,5,1,1,3,5,1,5,5,4,5,female
631,3,4,1,3,1,5,5,4,3,1,1,4,4,1,2,4,1,3,3,4,4,1,5,5,2,2,5,2,3,5,3,1,female
632,3,3,3,4,3,4,4,3,2,2,5,3,5,5,3,2,3,5,5,5,5,5,1,4,3,2,4,3,5,5,2,5,female
633,4,4,2,3,3,4,3,2,3,3,2,3,1,4,3,3,2,2,3,1,1,1,5,5,1,2,2,2,2,3,5,4,male
634,1,1,1,1,1,4,4,1,1,1,1,5,1,1,1,5,2,2,3,2,3,1,3,5,1,1,3,4,3,5,3,3,male
635,3,3,2,2,2,4,1,1,3,2,4,3,4,2,1,1,4,4,4,5,3,2,4,4,2,3,5,3,5,5,3,2,female
636,4,3,3,1,3,3,3,1,4,4,4,5,5,5,2,1,2,2,3,5,1,1,1,3,1,2,2,4,3,3,1,2,female
637,5,NA,3,1,1,5,4,4,5,2,1,4,3,1,2,5,3,4,4,5,3,1,4,4,4,2,4,2,1,5,4,4,male
638,4,4,2,5,5,5,5,3,3,4,2,2,4,NA,1,2,4,4,5,2,1,1,3,5,3,2,4,5,4,5,4,5,male
639,4,3,2,1,1,5,2,2,5,3,3,4,4,4,3,1,2,2,5,1,1,1,3,4,3,3,3,3,3,4,1,5,female
640,2,1,1,3,1,5,5,1,2,1,5,2,4,2,1,4,1,1,4,1,5,1,2,4,1,1,1,4,1,2,2,1,male
641,4,5,3,3,3,4,3,5,4,1,4,5,5,5,1,2,2,2,3,3,1,1,4,5,2,5,5,3,2,5,5,4,female
642,2,2,2,2,2,5,3,1,2,2,1,1,2,1,1,3,1,1,3,1,2,1,3,2,1,1,2,2,1,5,2,3,male
643,3,1,2,4,5,4,3,1,5,5,5,3,1,5,1,2,4,1,5,2,3,1,4,4,4,2,5,5,5,5,1,5,male
644,4,4,4,2,2,4,2,3,2,2,5,4,5,2,2,2,4,3,5,5,3,1,3,5,2,2,2,3,5,5,4,5,female
645,3,3,3,4,2,4,3,3,4,2,4,4,5,4,2,2,4,4,5,3,5,1,NA,4,5,4,4,2,3,4,2,5,female
646,5,2,5,3,4,5,4,2,4,2,4,5,2,2,3,5,4,3,5,2,2,2,5,5,5,4,4,5,3,5,3,5,male
647,2,2,2,1,1,4,4,3,1,1,1,1,3,1,1,2,1,1,2,1,1,1,3,5,1,2,2,3,1,5,1,1,male
648,5,4,1,1,1,5,3,1,5,1,5,3,3,1,1,3,1,3,5,3,1,1,4,1,3,3,5,1,1,5,4,5,female
649,2,2,1,2,1,4,3,2,4,4,5,1,3,5,2,2,2,2,5,5,4,1,4,4,1,1,3,2,5,5,3,2,female
650,3,4,2,1,1,4,3,3,3,4,3,4,5,2,3,2,2,1,4,5,4,3,3,2,1,4,4,3,4,5,4,5,female
651,3,3,1,4,4,5,5,1,2,1,1,2,2,2,1,4,4,1,4,3,1,1,3,5,1,2,3,1,1,4,4,5,male
652,5,3,5,1,1,5,4,5,1,1,2,5,5,1,4,4,NA,2,5,1,1,1,5,3,1,1,3,2,3,4,2,2,male
653,3,2,4,4,2,5,5,1,1,1,3,3,3,1,1,3,1,1,2,1,1,1,2,1,1,1,1,5,1,4,1,1,male
654,3,2,3,1,1,4,1,2,1,1,5,4,5,4,4,2,1,4,5,3,1,1,4,1,1,2,3,5,3,5,2,5,female
655,4,2,4,3,2,4,2,4,3,2,1,5,2,3,3,5,2,3,4,2,1,1,5,4,2,3,3,4,2,3,2,4,male
656,1,2,1,3,1,3,2,3,3,3,4,3,5,3,1,1,3,1,3,1,3,1,3,3,1,1,3,2,3,4,2,1,female
657,5,5,5,5,5,4,5,4,5,5,5,5,5,5,3,3,5,3,5,5,4,4,5,5,3,2,5,4,4,5,5,5,female
658,1,5,1,1,1,5,2,3,1,1,1,1,4,3,1,1,3,1,5,1,1,2,4,1,2,1,5,4,4,5,3,3,female
659,1,3,3,5,3,5,5,4,1,1,1,1,3,1,4,4,2,1,5,4,4,1,5,5,1,1,2,4,1,5,5,4,male
660,2,2,4,3,3,5,2,5,2,2,2,1,4,2,3,1,3,1,5,3,5,3,5,1,2,1,2,1,2,5,1,2,male
661,5,4,2,2,1,3,2,2,2,1,4,4,5,3,2,1,4,2,5,2,1,4,3,2,1,4,3,2,3,5,3,1,female
662,4,4,1,2,2,4,2,3,2,1,4,3,3,3,2,3,3,1,3,2,1,4,4,2,2,3,4,2,3,4,2,4,female
663,3,2,1,4,2,4,3,4,2,1,3,1,4,3,1,3,2,4,4,2,1,1,3,1,1,2,4,3,4,5,2,5,female
664,4,3,2,3,3,3,3,1,2,2,4,4,2,2,1,1,4,3,4,3,3,3,4,4,4,1,2,3,4,5,4,1,male
665,3,2,2,1,1,5,2,3,4,2,4,5,4,5,1,3,2,3,5,5,1,2,4,4,4,3,4,4,3,4,2,2,female
666,4,4,4,1,1,5,4,1,2,1,3,3,4,1,2,2,5,1,5,2,2,1,4,3,2,1,3,4,5,5,5,5,female
667,3,4,3,1,1,3,3,1,1,1,4,3,5,1,1,1,5,1,5,1,3,4,5,3,1,1,1,3,4,5,5,5,female
668,5,4,4,2,2,5,4,2,2,1,2,2,3,2,2,2,3,5,5,2,3,1,5,3,4,1,1,3,3,5,4,4,male
669,2,5,2,4,4,3,5,1,5,3,4,3,4,NA,1,1,4,4,5,1,5,4,3,3,1,1,2,5,4,3,1,2,male
670,4,4,2,2,2,4,3,2,4,2,2,4,4,2,2,4,4,2,4,2,2,2,4,4,2,2,4,3,2,4,3,3,male
671,3,4,3,2,2,3,3,3,2,2,4,3,4,2,3,3,2,2,4,4,1,1,2,3,2,2,3,3,2,4,3,4,female
672,3,4,3,3,3,4,4,3,3,3,2,3,4,3,3,4,4,2,5,5,4,1,2,4,2,4,4,3,4,5,2,5,female
673,3,2,3,1,1,4,2,2,2,2,3,1,4,3,3,3,4,1,4,2,1,1,4,4,1,3,4,3,5,4,1,5,female
674,3,5,2,1,1,5,3,1,2,2,5,2,4,2,2,1,3,1,3,1,1,2,4,2,3,4,3,2,3,4,1,5,female
675,1,2,4,3,3,4,5,5,2,2,3,3,3,1,3,3,1,1,4,1,1,1,5,5,1,1,2,4,3,5,4,3,male
676,3,3,2,2,2,5,3,2,2,2,5,2,1,2,2,2,3,2,4,5,2,3,3,1,3,4,5,2,5,5,2,2,female
677,3,1,1,1,1,5,1,1,1,1,1,3,4,1,5,2,3,1,4,1,1,1,5,5,2,4,3,3,5,5,2,3,female
678,5,2,3,4,1,5,3,2,2,1,3,4,3,2,4,4,2,2,3,3,2,1,NA,3,NA,3,3,1,4,5,4,5,female
679,5,3,1,2,2,5,5,1,3,2,4,4,4,3,2,2,5,2,5,2,1,1,5,4,2,1,1,5,5,5,5,5,female
680,3,4,2,1,1,5,4,1,2,1,5,5,5,3,1,1,5,4,5,2,4,3,1,5,3,2,3,3,3,5,2,5,female
681,4,4,1,3,2,5,3,3,5,4,5,5,4,5,3,4,2,1,5,5,1,1,3,5,1,2,3,4,3,5,5,5,female
682,3,4,1,2,4,5,4,3,5,3,5,5,5,5,3,4,4,3,5,3,1,1,1,5,4,1,3,5,5,5,3,3,female
683,3,3,2,4,2,4,4,2,2,1,3,4,3,2,2,4,2,4,4,1,1,1,4,1,1,2,3,4,3,4,3,5,male
684,4,4,1,1,1,4,4,2,5,3,5,5,3,5,4,3,1,4,5,3,3,1,3,3,5,3,3,3,3,5,1,5,female
685,2,1,1,3,1,5,5,3,4,1,2,3,3,3,2,3,3,4,5,4,3,2,5,4,5,4,5,1,2,4,1,3,female
686,3,3,3,2,1,4,3,2,3,2,4,3,4,5,4,3,4,2,3,4,5,4,3,3,2,4,4,4,3,4,3,5,female
687,3,3,3,3,3,3,3,3,3,3,3,3,3,3,3,3,3,3,3,3,3,3,3,3,3,3,3,3,3,3,3,3,male
688,3,2,3,1,3,5,5,3,1,2,3,4,5,1,2,5,4,1,4,3,3,2,5,5,1,2,4,5,4,5,5,2,male
689,3,5,1,3,1,5,5,1,5,3,5,3,3,3,1,1,3,3,3,2,1,3,3,3,1,3,5,1,3,3,1,1,female
690,5,3,3,3,1,4,3,5,2,5,3,4,5,2,4,5,4,2,2,3,2,1,3,3,1,3,4,2,2,4,2,5,male
691,4,4,3,3,2,4,4,4,3,2,5,5,5,3,2,5,3,1,4,3,3,2,5,5,2,2,2,4,4,4,2,2,male
692,3,2,1,1,1,4,3,1,1,1,4,3,5,1,1,5,2,1,3,4,1,1,1,4,1,2,4,2,2,5,4,3,female
693,5,5,5,3,3,5,4,3,3,1,5,5,4,4,2,2,4,4,4,2,5,5,5,4,1,2,3,4,3,5,2,3,male
694,2,4,2,1,1,5,4,4,2,1,1,1,2,1,4,3,2,1,3,3,1,NA,3,3,1,3,5,3,4,5,4,3,female
695,5,5,5,5,3,5,5,3,2,2,2,4,5,1,3,4,3,5,4,3,5,1,4,5,1,2,2,5,2,5,3,1,male
696,4,5,2,2,2,4,2,3,2,1,4,1,4,2,3,2,4,1,4,4,1,1,3,4,1,3,3,2,5,5,3,5,female
697,3,3,2,2,1,3,2,3,2,1,1,4,5,3,3,1,1,3,5,5,2,3,2,3,1,1,2,2,4,5,1,3,female
698,2,1,2,4,1,4,3,5,2,1,5,4,5,1,3,2,2,2,3,1,1,4,4,1,2,3,3,1,2,3,1,1,female
699,3,5,3,1,2,5,3,2,4,3,2,2,5,3,2,1,2,2,5,5,1,2,2,5,3,5,5,1,3,5,4,2,female
700,2,3,2,1,1,4,2,1,2,1,1,5,4,3,1,2,2,2,3,5,2,1,4,5,5,4,4,2,3,5,2,1,female
701,3,3,1,1,1,5,2,2,1,1,5,1,2,1,1,5,1,3,3,1,1,1,2,1,4,2,2,1,1,4,1,5,female
702,5,5,3,3,3,5,3,1,4,3,3,4,3,5,1,2,2,2,5,3,1,2,1,5,2,1,2,3,3,3,5,5,female
703,5,5,5,5,5,5,5,3,2,2,3,5,3,3,1,5,2,5,3,3,4,2,3,1,1,1,1,5,5,5,2,2,male
704,3,2,2,1,1,5,5,3,3,3,2,5,3,3,3,3,2,2,4,1,4,1,5,5,3,3,2,3,2,5,5,5,male
705,2,4,1,1,1,4,3,2,3,1,1,5,5,3,2,2,1,3,5,5,1,1,2,5,1,3,4,2,3,5,5,4,female
706,4,5,3,4,5,5,3,2,3,1,2,4,5,5,3,4,5,3,5,4,5,3,5,5,2,3,5,5,5,5,5,5,female
707,2,2,4,1,1,4,3,5,1,1,3,3,4,1,1,4,1,2,4,3,1,1,5,5,2,2,NA,4,4,5,4,1,male
708,2,3,1,3,2,3,2,2,5,4,5,4,2,4,2,2,4,2,5,2,3,2,1,5,1,2,3,4,4,4,4,2,female
709,2,3,3,3,3,4,4,3,1,1,2,2,3,2,4,5,2,1,2,2,1,1,2,3,1,1,2,3,1,5,3,5,male
710,2,2,2,1,1,3,3,1,1,1,3,3,5,1,1,5,3,2,4,3,1,1,1,3,1,4,5,2,3,5,5,3,female
711,3,5,2,5,4,3,3,3,3,4,4,1,3,2,2,1,2,1,1,1,1,1,4,2,1,1,3,2,5,5,5,2,female
712,3,2,1,1,1,3,1,1,1,1,3,1,3,1,1,2,2,2,4,1,1,1,3,2,2,3,3,2,3,3,2,5,female
713,1,5,1,1,1,5,4,1,3,1,2,3,5,3,1,1,4,5,4,1,3,1,4,3,2,3,4,4,4,5,1,3,female
714,5,4,4,1,1,3,1,1,4,1,5,3,5,2,3,2,4,3,4,5,4,4,3,3,1,1,3,1,5,5,2,3,female
715,3,3,2,3,2,4,4,4,3,3,5,3,5,4,3,3,3,3,5,4,1,1,3,5,5,4,3,2,5,5,4,5,female
716,4,1,3,2,3,4,5,3,4,3,3,3,3,3,2,3,1,1,2,1,2,1,4,5,2,1,3,5,2,4,1,5,male
717,5,5,5,5,5,4,4,4,4,4,3,4,4,4,5,3,2,3,5,3,4,3,4,3,2,1,4,4,5,4,2,2,male
718,3,3,1,3,1,4,1,1,4,3,3,3,5,1,1,2,5,1,5,3,2,2,4,1,3,1,3,1,4,5,1,5,female
719,3,3,2,1,1,4,4,1,5,5,3,4,5,4,2,3,3,2,5,2,5,2,5,5,3,3,3,3,4,5,3,4,female
720,3,3,2,4,2,4,4,3,2,1,2,2,3,1,1,1,1,3,1,1,1,1,1,5,1,2,2,3,1,4,2,3,male
721,5,4,3,2,3,3,4,1,5,3,5,5,3,2,1,2,4,5,5,2,4,5,3,5,5,3,4,4,5,5,5,1,female
722,1,1,4,3,2,3,1,3,5,5,1,5,5,5,1,2,5,3,5,5,5,1,5,1,3,1,1,4,5,5,4,1,female
723,3,3,3,2,2,2,2,1,1,1,3,4,5,1,2,2,4,1,5,3,3,5,2,4,1,1,3,2,5,4,2,1,female
724,5,3,4,3,1,4,1,3,2,1,5,2,5,2,5,2,3,2,4,2,1,1,4,1,2,1,3,2,5,5,1,1,female
725,2,4,2,2,2,3,1,1,2,1,1,1,2,1,1,1,2,1,3,3,1,1,3,2,1,3,2,1,3,4,1,2,female
726,5,3,5,1,3,4,3,4,1,1,1,5,5,1,4,3,2,2,4,1,1,5,4,3,1,4,2,4,3,5,5,3,male
727,2,5,2,1,1,5,5,2,2,1,3,NA,2,1,1,5,1,1,2,5,1,1,2,1,1,1,3,4,1,5,2,5,male
728,1,1,1,3,3,5,3,1,1,1,1,2,1,1,1,5,1,1,1,1,5,3,1,5,1,2,2,5,1,5,2,1,male
729,5,3,2,5,1,5,5,5,1,1,4,1,4,1,1,3,3,1,5,2,1,2,5,5,1,5,5,5,5,5,5,5,female
730,4,4,2,4,4,5,5,3,5,5,3,3,4,5,3,3,2,1,4,2,1,2,5,5,2,1,2,4,3,5,5,5,male
731,5,5,5,1,1,2,2,2,4,3,5,5,5,5,2,3,5,3,5,3,5,1,2,1,1,2,1,3,5,4,5,5,female
732,4,2,3,4,2,5,4,5,2,1,5,4,5,2,3,2,2,3,1,4,1,1,3,4,1,4,3,2,3,5,2,1,female
733,5,4,5,3,2,5,2,3,2,2,5,5,5,2,3,1,2,2,5,5,1,1,2,5,1,1,3,1,2,5,4,1,female
734,5,5,5,5,3,3,3,5,2,2,5,5,5,3,4,1,3,3,5,5,5,2,5,5,4,2,5,5,4,4,2,5,female
735,3,2,1,5,3,3,3,1,1,2,5,1,4,1,1,1,3,5,4,4,5,1,4,4,2,1,2,1,3,4,1,1,female
736,4,4,3,3,3,1,1,2,2,2,5,2,1,1,2,1,NA,5,4,2,2,2,1,1,3,3,2,1,4,2,1,3,female
737,5,5,4,2,3,4,2,3,4,2,4,3,3,3,5,3,4,4,4,4,3,2,4,3,NA,3,3,3,4,4,3,4,female
738,4,4,1,1,1,5,2,2,3,2,5,3,5,3,2,1,4,2,5,5,5,4,3,4,2,3,4,1,3,5,3,5,female
739,1,1,3,4,4,5,5,3,1,2,1,3,5,1,2,5,1,3,3,4,1,1,5,5,1,1,3,4,1,5,5,4,male
740,5,4,5,5,5,5,5,5,3,2,1,5,5,4,4,4,2,5,4,3,3,1,5,5,1,1,3,5,2,5,5,4,male
741,4,3,5,3,2,5,4,5,3,1,3,5,4,3,4,5,3,4,4,3,3,2,3,5,3,4,4,4,3,5,5,4,male
742,5,1,1,5,3,3,1,5,5,5,5,2,5,4,2,1,5,4,5,3,5,1,2,1,1,1,2,2,5,5,3,1,female
743,3,5,3,4,3,5,4,5,4,1,5,4,5,4,4,2,3,5,5,4,3,4,3,5,1,1,3,4,4,5,4,1,male
744,1,2,2,3,3,4,5,4,2,2,2,1,3,2,2,2,2,1,2,1,1,1,4,4,1,1,1,4,3,5,4,2,male
745,3,1,1,1,3,4,4,1,5,5,5,1,4,5,1,4,3,5,5,1,5,3,5,1,2,1,3,5,4,5,5,3,male
746,4,4,3,4,4,5,5,3,2,2,1,3,3,2,2,5,2,4,3,3,1,1,3,2,1,1,2,5,2,4,3,4,male
747,1,1,1,5,1,5,3,3,2,2,1,4,4,1,1,1,2,1,4,1,1,1,3,4,1,3,4,2,4,5,2,4,female
748,5,4,2,1,2,1,4,1,5,2,5,5,3,2,1,2,5,5,5,3,5,5,2,4,5,2,4,3,5,4,4,1,female
749,3,3,2,2,2,5,5,1,3,3,2,NA,2,2,2,2,4,3,4,4,5,5,1,4,5,2,4,3,3,5,3,5,female
750,4,4,1,1,1,4,3,1,3,2,1,4,5,3,4,1,3,1,5,1,5,3,3,3,1,3,3,3,2,4,2,4,male
751,4,5,2,4,3,3,3,2,3,2,2,2,2,5,3,5,5,5,2,5,1,3,2,5,4,2,5,5,5,5,5,1,female
752,2,2,1,1,1,5,2,1,1,1,5,3,4,2,2,1,5,2,5,2,5,2,1,2,1,5,5,2,5,5,1,1,female
753,3,5,1,3,1,4,2,4,5,4,1,1,5,4,4,1,3,2,1,5,1,1,2,3,2,5,5,4,4,5,2,1,female
754,4,4,4,1,1,3,1,2,1,1,5,3,5,3,1,1,2,3,5,4,5,1,2,1,2,2,2,2,4,5,2,5,female
755,3,2,4,4,3,4,4,3,3,2,4,4,5,2,2,4,3,4,3,3,3,2,4,4,2,3,2,4,2,5,4,2,male
756,3,3,3,4,4,5,4,3,4,NA,5,4,5,5,1,1,1,1,4,3,1,4,1,5,1,4,4,5,4,5,4,5,female
757,5,4,3,3,3,5,5,3,3,3,5,4,4,2,2,3,2,3,5,3,2,2,3,2,2,3,4,4,2,5,3,5,male
758,2,4,1,1,4,4,1,2,5,5,3,3,5,5,1,1,4,5,1,5,1,1,4,5,1,2,4,5,4,5,5,4,female
759,2,2,1,3,4,4,5,3,2,3,1,3,4,2,1,5,1,1,4,1,1,1,5,5,3,1,4,5,2,3,4,4,male
760,5,4,2,4,2,3,3,1,NA,5,5,4,3,5,2,4,5,5,5,4,5,5,3,4,5,3,5,5,5,5,5,5,male
761,4,3,5,3,3,3,3,5,2,1,5,4,5,3,4,1,2,4,5,5,1,1,1,4,1,3,4,2,4,5,3,1,female
762,2,2,3,3,3,5,5,1,1,1,2,2,3,1,1,5,1,1,1,1,1,1,5,5,1,1,2,5,1,5,5,2,male
763,5,3,5,3,3,4,4,4,2,2,4,5,5,4,4,5,2,3,4,1,3,1,5,5,1,1,4,4,2,5,5,5,male
764,5,2,3,1,1,3,3,1,3,1,5,NA,4,1,1,1,5,3,5,2,5,3,5,5,3,1,2,4,5,5,1,5,male
765,3,4,1,2,2,3,1,2,5,5,5,3,5,5,1,1,2,1,2,3,2,2,3,2,4,1,4,3,4,5,1,2,female
766,2,5,1,3,4,5,5,1,3,3,2,3,5,4,3,5,2,3,3,1,1,1,5,5,1,2,2,5,1,4,5,3,male
767,4,4,4,3,3,4,4,2,5,5,1,3,5,5,2,5,2,2,3,5,4,5,5,4,5,4,4,3,4,3,2,4,female
768,3,2,4,3,1,1,1,1,4,4,4,4,4,5,3,3,3,3,4,5,5,5,5,3,4,4,4,3,3,3,3,3,male
769,3,3,3,2,2,4,4,5,2,2,1,3,3,2,4,3,1,1,2,1,1,1,1,1,1,2,3,3,1,4,3,4,male
770,4,4,4,4,4,4,4,4,4,4,4,4,4,4,4,4,4,4,4,4,4,4,4,4,4,4,4,4,4,4,4,4,female
771,1,2,3,2,3,4,3,2,1,2,3,4,3,2,1,2,3,4,5,4,3,2,1,2,3,4,5,4,3,2,1,2,female
772,3,2,4,3,1,5,4,4,2,2,2,3,3,2,2,5,2,3,2,1,1,1,2,1,1,1,1,5,2,5,3,1,male
773,3,4,3,1,1,4,3,1,3,1,3,4,4,1,2,3,2,3,4,4,3,2,3,3,3,4,5,2,3,5,3,4,female
774,3,3,3,3,3,3,3,3,3,3,3,3,3,3,3,3,2,2,4,4,2,2,2,4,1,3,3,2,2,5,5,4,female
775,4,3,4,2,1,5,1,3,2,2,5,4,5,1,2,2,3,3,5,5,1,1,3,5,1,1,1,2,3,5,3,1,female
776,3,4,2,2,2,5,5,4,3,1,4,5,5,3,3,3,5,3,5,5,4,4,3,4,4,4,5,5,5,5,5,5,female
777,5,3,5,1,1,5,5,5,2,1,1,3,5,3,2,5,3,3,5,3,5,5,1,5,3,3,3,5,3,5,5,3,male
778,2,2,3,1,1,5,3,3,1,1,1,1,3,1,NA,5,1,1,4,1,1,1,4,5,1,4,5,1,1,5,5,1,male
779,2,3,1,2,1,5,1,2,1,1,3,1,3,1,1,3,3,1,4,2,2,1,5,5,1,5,5,1,5,5,3,5,female
780,5,5,4,2,2,5,3,3,3,2,5,2,4,2,2,2,5,4,5,5,1,2,4,5,5,3,5,4,5,5,2,5,female
781,5,4,4,4,1,4,3,5,2,5,3,4,5,3,4,4,3,2,2,3,2,2,3,3,1,3,4,3,2,3,3,5,male
782,5,5,2,1,1,2,2,1,5,3,5,1,3,3,1,1,4,1,4,2,1,2,1,5,5,2,3,1,5,5,4,5,female
783,2,5,1,3,3,5,4,3,5,4,5,3,5,5,3,3,5,1,3,1,2,5,3,3,4,2,4,5,3,5,3,5,female
784,5,3,3,2,3,5,5,3,4,2,NA,4,2,3,2,4,3,3,4,1,1,1,3,1,1,4,4,5,3,5,3,5,male
785,4,5,5,2,2,4,2,2,5,5,2,3,4,5,2,5,4,1,5,5,3,1,5,2,1,3,3,4,4,2,1,1,male
786,5,3,4,1,1,4,3,3,2,1,3,4,5,3,5,4,3,2,3,1,1,1,5,5,1,3,4,1,3,4,4,4,male
787,4,2,4,2,2,5,1,2,5,5,4,2,3,5,4,5,2,3,5,2,1,1,4,2,1,1,2,3,3,5,4,1,male
788,5,4,5,3,2,4,1,2,1,1,4,3,3,2,5,4,3,3,4,2,1,1,4,5,1,3,4,2,3,5,5,2,male
789,2,3,3,1,1,3,2,4,3,2,3,2,4,3,4,1,2,1,3,2,1,1,3,5,1,2,3,1,3,5,3,1,female
790,3,2,1,1,1,5,5,3,4,2,4,3,4,1,3,3,5,3,2,5,1,1,5,1,3,5,5,4,4,5,3,5,male
791,3,4,1,3,4,4,2,1,5,5,2,1,4,4,1,1,2,2,3,4,3,5,2,2,2,1,2,5,2,4,3,1,female
792,3,5,2,1,1,4,4,2,3,1,4,3,3,5,2,1,4,5,2,3,3,4,1,3,1,1,5,3,1,3,1,1,female
793,4,3,2,1,1,4,3,3,3,1,1,2,2,1,1,5,1,3,3,1,1,1,1,5,1,3,4,5,1,5,5,3,male
794,3,3,3,4,4,2,4,3,5,1,5,3,4,2,4,3,4,2,4,3,4,2,4,2,3,4,4,3,3,5,3,2,male
795,2,1,2,1,1,3,2,1,1,1,1,1,1,1,1,5,1,1,4,1,1,1,5,5,1,2,3,1,2,5,4,5,male
796,4,4,4,4,4,4,4,4,4,4,4,4,4,4,4,5,3,2,5,5,3,2,2,4,1,5,5,5,4,5,5,5,female
797,3,4,4,4,4,3,4,4,2,1,1,3,4,3,4,4,5,3,5,4,4,4,4,4,5,4,3,5,4,2,5,4,male
798,2,2,3,2,1,5,5,4,1,1,1,1,3,2,2,5,1,1,5,1,1,1,3,5,1,5,4,1,1,5,5,1,male
799,5,4,5,2,2,5,2,3,2,1,3,5,5,4,5,4,2,3,2,5,4,1,5,3,1,3,3,4,2,5,1,1,female
800,4,2,3,4,3,5,5,2,3,2,5,3,4,3,2,3,4,2,4,2,3,3,3,2,4,3,3,4,5,4,3,5,male
801,1,1,2,4,3,4,4,1,5,5,3,4,3,5,1,1,1,4,5,1,1,1,2,5,1,1,4,4,5,5,3,1,male
802,2,1,1,1,2,3,2,1,1,1,1,3,2,1,1,5,1,1,5,1,1,1,5,5,1,1,1,5,1,5,5,2,female
803,3,3,1,1,1,4,2,1,4,1,3,5,5,1,1,2,1,1,4,5,2,3,4,5,2,2,4,3,3,5,3,4,female
804,3,3,3,1,1,5,3,2,2,1,2,2,3,1,1,3,3,2,4,1,4,1,NA,5,3,3,3,1,3,5,5,3,female
805,1,3,3,1,1,5,2,3,1,1,5,3,5,1,1,4,4,2,4,2,5,5,5,4,4,3,4,3,5,5,5,5,female
806,5,4,3,1,1,5,3,3,4,4,5,5,5,3,2,1,5,3,4,4,5,4,3,4,1,5,5,2,4,5,3,4,female
807,5,5,5,1,1,5,5,1,1,1,1,3,NA,1,3,5,1,2,NA,4,1,1,2,NA,5,1,5,5,1,5,NA,5,male
808,3,3,5,1,1,5,2,5,1,1,2,4,4,1,4,5,2,1,5,1,1,1,4,2,2,3,4,3,4,5,3,5,male
809,2,2,1,1,1,5,3,2,1,1,1,4,3,1,1,3,1,1,4,1,1,1,5,5,1,1,4,3,2,5,5,1,male
810,4,3,5,1,1,4,5,1,1,1,1,3,5,1,2,5,1,2,4,1,1,1,1,1,1,1,5,5,1,5,5,1,male
811,4,4,2,1,1,3,3,3,3,1,5,3,3,3,3,2,5,3,5,3,5,5,4,3,2,4,2,4,5,5,4,5,male
812,4,5,4,2,3,3,3,2,4,2,5,4,4,4,3,2,4,3,4,2,3,4,3,4,3,1,2,5,4,5,3,5,male
813,5,1,1,1,1,5,3,5,1,1,1,5,2,1,5,5,1,1,5,3,1,3,5,5,5,1,5,3,1,5,2,4,female
814,3,1,1,1,1,5,3,1,1,1,1,3,2,1,1,5,1,2,5,3,1,1,5,5,1,1,4,4,1,5,2,5,male
815,3,4,3,3,2,5,3,4,3,2,5,2,5,3,1,5,5,4,5,5,3,3,3,3,2,3,5,3,5,5,4,5,female
816,4,5,3,4,4,4,3,3,5,5,3,2,5,5,2,5,1,5,5,2,3,NA,1,5,2,1,3,5,4,5,5,5,male
817,5,4,5,3,3,5,4,4,3,2,2,4,5,2,4,4,3,4,5,3,5,1,4,3,5,5,5,5,5,5,5,5,male
818,1,1,4,1,1,5,5,1,4,1,1,5,1,4,1,1,3,1,3,3,4,4,5,5,4,1,1,1,3,3,4,2,male
819,4,2,4,1,1,4,5,5,3,1,1,5,5,1,1,3,1,3,5,1,1,1,5,5,5,2,2,4,1,5,5,4,male
820,3,3,3,3,3,5,3,2,5,5,2,4,4,5,3,5,2,2,4,3,1,1,4,1,2,2,3,3,3,5,2,5,female
821,2,5,1,3,1,5,2,3,1,1,3,4,5,1,1,2,1,1,4,3,1,1,2,3,1,4,4,1,4,5,1,1,female
822,5,4,1,1,1,5,5,1,4,3,2,1,5,3,1,3,3,4,5,1,5,3,1,1,1,3,3,5,4,5,1,5,male
823,4,2,2,1,1,3,2,5,1,1,5,2,4,1,1,1,2,1,1,1,1,3,3,1,2,4,3,1,2,5,2,4,female
824,4,4,3,1,1,4,3,5,1,1,1,3,3,1,2,2,2,1,2,1,4,5,3,3,1,3,4,3,2,5,5,1,male
825,5,1,1,1,1,3,3,1,1,1,5,3,5,1,1,1,2,1,2,1,3,1,2,1,1,1,1,1,5,5,1,5,female
826,2,2,1,2,1,4,4,1,2,1,3,2,3,1,1,1,4,1,5,1,5,1,3,1,3,1,3,3,3,4,1,5,female
827,4,3,1,1,1,3,2,1,4,1,4,4,5,3,1,1,5,3,4,2,5,2,5,2,2,3,4,2,5,5,3,1,female
828,2,3,2,1,1,4,2,3,2,1,5,3,4,3,2,1,5,1,4,2,3,1,3,1,1,4,5,1,4,5,1,2,female
829,2,1,4,3,2,5,3,3,2,2,3,2,4,2,2,3,2,4,3,1,1,2,3,4,1,3,1,2,3,4,2,2,male
830,3,4,5,2,1,5,4,5,3,1,5,4,5,3,5,1,4,5,3,5,2,1,2,4,1,2,2,4,5,4,1,2,female
831,4,4,1,5,4,5,5,1,5,5,5,NA,5,5,5,1,3,3,5,5,5,2,2,5,2,1,3,4,4,5,5,5,female
832,4,3,3,3,2,5,3,4,3,3,3,3,5,3,5,5,5,4,4,3,2,2,4,1,2,4,4,4,4,5,4,3,female
833,3,3,3,1,2,2,2,1,4,3,5,5,5,4,1,1,5,4,4,1,2,3,2,1,5,1,5,1,5,5,1,2,female
834,3,5,5,2,4,5,3,5,2,2,5,2,4,2,4,1,4,1,4,1,2,1,4,3,1,1,3,3,5,5,1,1,male
835,2,2,3,1,2,3,3,4,4,2,3,3,5,4,3,4,3,2,3,1,1,1,3,5,2,2,3,4,3,4,2,3,male
836,4,1,1,4,4,5,5,2,1,1,2,4,3,1,1,3,1,1,5,2,1,1,5,5,1,1,1,3,2,5,1,1,male
837,2,3,4,1,1,4,4,3,3,3,4,4,4,2,2,5,1,1,4,1,5,2,5,5,1,4,4,5,3,4,4,4,male
838,3,2,4,4,5,4,3,1,NA,5,5,5,5,5,1,1,4,4,5,5,5,1,3,5,2,1,1,5,5,5,3,3,male
839,2,1,1,1,1,5,2,4,3,1,2,3,3,1,4,2,3,1,4,5,2,1,5,4,1,2,3,2,3,5,3,5,female
840,2,3,3,1,1,5,2,4,2,1,2,2,4,3,5,3,2,1,3,3,1,1,1,4,1,3,5,2,4,5,2,5,female
841,1,4,3,3,2,5,3,2,2,2,3,3,2,2,2,3,1,1,3,3,3,3,4,3,2,5,4,3,3,4,3,3,female
842,3,1,1,1,1,4,4,2,2,2,3,2,5,2,2,3,1,1,1,5,5,5,5,5,1,1,1,1,1,5,4,1,male
843,5,2,3,2,2,3,5,1,1,1,5,2,3,1,1,2,1,1,3,2,2,1,5,3,2,1,4,5,4,5,2,4,female
844,5,3,5,1,1,5,3,5,1,1,5,5,5,4,5,5,3,5,5,4,1,2,5,5,3,4,5,5,4,5,5,5,female
845,5,4,5,5,5,5,5,5,2,1,5,1,5,3,3,4,5,5,5,4,4,5,5,5,5,3,3,4,5,4,4,4,male
846,5,3,3,2,1,3,3,2,1,3,5,4,5,1,3,3,3,1,4,2,1,3,2,3,1,4,4,1,3,5,2,4,female
847,2,1,1,2,2,5,4,3,1,1,3,2,5,2,1,3,2,2,3,5,2,1,2,2,2,1,5,2,2,5,2,5,female
848,3,4,1,1,1,3,2,1,2,1,5,2,NA,1,1,1,5,3,4,4,1,3,1,3,2,2,4,1,5,5,3,5,female
849,1,5,2,1,2,5,3,5,2,2,1,2,3,1,2,1,2,1,2,2,2,1,5,1,2,1,4,3,1,5,4,2,male
850,1,2,3,5,4,5,4,2,2,1,4,3,2,3,1,1,4,3,4,3,4,4,4,5,3,2,3,1,4,5,2,4,female
851,2,3,1,1,1,4,2,1,5,4,5,4,5,4,3,2,1,4,3,1,1,1,4,1,1,4,5,3,3,4,1,5,female
852,4,5,4,5,2,5,3,5,3,1,1,5,4,4,3,5,5,3,5,3,2,1,NA,5,1,3,4,3,3,5,5,3,male
853,4,4,1,3,1,4,4,5,3,2,1,5,4,2,4,5,2,2,3,2,1,1,5,5,2,5,4,3,1,5,4,5,male
854,3,3,2,3,3,4,3,3,3,3,4,4,3,3,3,3,3,3,5,3,3,4,5,3,4,3,4,3,5,5,3,5,female
855,2,1,2,3,3,4,4,3,2,1,3,2,3,1,1,4,3,1,3,2,1,1,5,4,1,3,4,4,2,5,3,3,male
856,4,4,3,4,4,5,5,4,4,2,2,3,3,2,3,5,3,3,5,2,1,1,4,4,3,1,3,5,4,5,4,3,male
857,4,2,3,4,1,5,2,4,2,4,3,4,5,2,3,1,3,1,3,1,2,1,5,4,2,5,5,3,4,5,2,5,female
858,2,3,1,1,1,5,4,4,1,1,4,2,4,1,1,2,1,1,4,3,3,2,2,1,1,4,4,5,3,5,2,5,male
859,5,3,3,2,1,4,3,3,2,1,5,3,5,2,3,4,1,1,NA,2,5,2,5,3,1,1,2,3,2,5,5,1,male
860,3,1,4,2,1,5,3,5,2,1,2,5,4,1,2,5,2,1,4,2,1,1,5,2,1,2,3,4,2,5,3,5,male
861,3,5,4,1,3,5,4,5,3,1,3,3,4,2,4,5,3,3,3,1,1,1,3,1,1,1,2,5,4,5,4,4,male
862,4,2,4,2,1,4,3,2,2,2,4,2,5,3,3,3,4,1,4,3,1,2,4,1,1,4,4,4,4,5,5,5,female
863,3,2,4,4,2,5,5,5,2,NA,2,4,5,1,3,5,2,1,4,3,1,1,1,5,1,4,5,5,3,5,4,5,male
864,3,4,1,1,1,4,4,3,1,1,4,1,4,1,1,3,1,2,4,3,3,2,1,1,1,4,4,4,3,5,1,5,male
865,4,4,2,3,1,4,4,2,1,1,4,3,4,3,3,3,2,1,2,2,1,1,5,5,1,2,2,4,2,5,2,3,male
866,2,2,3,3,2,4,4,3,2,1,2,3,3,3,2,3,3,2,3,3,1,4,2,3,2,3,4,3,2,4,2,3,female
867,5,4,3,2,3,5,5,2,4,4,5,4,4,5,3,2,3,4,2,1,1,1,3,5,1,2,1,4,3,2,2,3,male
868,4,5,4,3,3,5,4,3,4,2,3,4,3,4,2,4,1,1,4,1,1,1,4,1,2,2,3,5,1,3,1,5,female
869,2,1,3,2,2,4,3,2,1,2,4,5,4,2,1,3,2,1,3,3,2,4,4,5,2,3,3,2,1,4,3,4,male
870,5,5,1,1,1,4,1,1,4,2,4,4,5,4,1,1,2,1,5,3,3,1,2,4,1,2,5,5,5,5,4,5,female
871,2,2,3,3,2,3,2,1,2,2,4,3,4,2,5,2,3,2,3,2,1,1,2,2,3,2,4,2,3,4,2,2,female
872,5,4,4,5,5,5,5,4,3,5,3,5,4,4,5,5,5,3,4,1,1,1,3,1,2,1,5,5,5,5,5,5,male
873,2,3,1,1,4,4,4,1,5,5,2,1,2,5,1,5,3,3,2,1,5,1,4,4,1,2,3,5,3,5,2,2,male
874,3,4,2,2,1,4,4,2,2,1,2,3,4,2,1,4,3,1,5,2,1,1,5,5,1,1,3,3,3,5,3,2,male
875,3,3,2,1,1,4,2,4,3,2,1,2,3,2,3,2,1,1,2,1,1,1,5,5,1,2,5,2,3,5,5,4,female
876,1,4,1,1,1,5,5,1,2,1,1,2,1,5,1,5,3,1,5,2,1,1,1,5,3,3,3,4,1,5,5,5,female
877,2,2,4,5,4,5,5,1,5,5,1,2,3,5,1,5,3,1,2,3,5,1,5,5,1,3,3,4,2,5,5,4,male
878,4,5,5,3,1,4,4,4,2,1,5,5,5,3,3,4,3,5,5,5,5,3,5,5,1,1,1,3,5,5,2,2,male
879,2,4,4,4,2,4,4,2,4,4,3,4,4,5,5,4,5,4,4,2,4,3,4,5,1,4,2,4,2,5,5,4,male
880,2,2,3,4,5,2,4,5,2,2,4,3,3,2,4,5,2,2,1,2,2,1,5,5,1,2,3,4,1,5,4,5,male
881,3,3,2,1,1,4,2,4,2,2,1,2,3,2,4,3,1,2,4,1,1,1,5,5,1,2,5,2,3,5,4,4,female
882,5,4,2,1,1,4,1,1,4,1,5,4,5,4,1,2,4,1,5,2,5,1,3,3,1,1,5,5,5,5,4,5,female
883,3,3,1,1,1,4,1,1,5,5,4,3,4,4,1,1,3,2,3,1,3,3,5,4,NA,3,4,1,2,5,2,1,female
884,4,4,3,1,1,5,3,2,2,1,5,2,5,2,4,1,2,1,3,2,1,1,3,1,2,3,2,2,4,5,3,1,female
885,3,2,1,4,2,5,3,5,1,1,5,3,5,1,1,5,5,1,3,3,1,1,5,3,1,5,5,1,5,5,1,5,female
886,3,2,2,2,1,3,1,4,4,3,4,2,4,5,5,4,2,3,5,1,1,1,3,1,5,4,4,4,4,5,2,5,female
887,1,1,4,4,4,5,5,2,1,1,1,4,4,1,2,5,1,3,1,1,4,1,1,4,1,1,1,5,3,5,5,1,male
888,2,3,2,3,1,3,3,4,3,2,3,4,3,4,2,3,3,3,2,3,2,3,3,3,2,4,2,3,2,4,2,3,male
889,4,5,3,1,1,5,4,3,5,5,5,3,4,5,3,1,3,2,4,5,1,1,5,4,2,4,4,2,5,5,5,5,female
890,5,3,1,1,1,5,4,3,3,1,5,5,5,4,2,4,4,2,4,4,5,5,1,3,5,5,2,4,5,5,5,1,female
891,1,1,1,4,4,5,5,2,2,1,1,5,3,1,4,5,1,1,3,1,2,1,5,5,1,5,4,5,1,5,5,3,male
892,4,3,3,2,1,4,3,3,3,2,2,3,3,2,2,4,3,2,3,3,1,1,2,4,2,3,3,3,2,5,4,4,male
893,3,2,3,4,4,4,4,3,1,2,1,3,4,1,1,5,2,1,2,3,2,1,4,3,1,1,2,4,3,4,4,2,male
894,2,2,3,3,2,3,2,4,2,3,2,2,4,3,2,3,2,3,2,2,2,2,3,4,2,3,2,3,3,4,2,2,female
895,2,3,1,1,1,5,4,2,2,2,2,5,3,1,1,1,4,1,5,5,1,2,4,5,2,3,5,4,3,5,5,4,female
896,2,2,2,1,2,2,2,1,2,2,1,4,3,2,1,2,2,1,3,1,1,1,5,5,2,2,2,2,2,4,4,4,male
897,4,2,4,1,1,5,4,2,1,1,5,4,4,1,2,2,4,1,4,1,2,4,3,2,1,1,2,4,4,5,4,3,male
898,2,3,2,4,2,3,2,2,1,1,2,2,3,2,4,3,2,3,2,3,4,3,2,3,2,3,2,4,3,4,3,3,male
899,4,4,4,1,1,4,4,3,4,1,4,3,3,2,1,1,5,3,4,3,1,1,3,3,4,1,3,3,2,4,1,3,female
900,4,4,4,3,3,5,5,5,1,1,1,4,3,1,4,4,1,3,2,1,1,3,3,3,3,1,2,5,3,5,5,5,male
901,2,3,5,2,1,4,2,3,1,1,4,2,4,2,5,2,2,4,2,1,1,1,4,5,2,4,3,3,3,3,2,3,male
902,4,2,5,1,1,4,2,1,1,1,2,3,2,1,3,1,2,2,4,1,1,1,3,1,1,1,2,1,5,4,2,5,female
903,4,4,1,3,3,4,3,2,2,2,4,3,1,2,4,1,1,3,5,1,1,1,5,5,1,1,3,2,3,4,4,3,male
904,5,1,3,5,3,5,5,1,3,5,3,5,4,3,1,3,2,1,3,2,5,3,5,2,3,4,1,5,1,5,3,3,male
905,3,3,3,2,2,4,4,5,2,2,2,4,5,2,2,3,5,3,4,4,1,1,2,4,2,5,3,3,3,4,5,1,female
906,5,2,4,1,1,5,3,4,1,1,3,4,5,3,5,5,3,2,2,1,1,1,5,5,1,3,5,5,3,5,5,2,male
907,5,2,4,1,1,5,3,5,1,1,1,3,5,1,2,1,2,2,3,3,1,1,4,1,5,1,2,3,2,5,1,1,female
908,2,2,2,2,1,5,3,3,1,1,3,1,3,1,1,1,4,3,1,2,1,2,3,3,1,4,4,2,2,4,1,2,female
909,2,2,3,2,4,4,3,2,2,3,4,3,3,2,2,3,2,4,3,3,4,3,3,4,2,3,4,3,2,5,3,2,male
910,3,4,3,2,2,5,4,3,2,1,2,2,5,4,4,3,3,5,4,2,4,4,4,4,4,4,4,4,3,4,4,3,female
911,5,3,4,4,2,5,3,5,2,1,5,3,5,3,4,4,5,2,2,1,4,1,5,2,5,4,5,3,5,5,1,1,female
912,5,4,3,5,NA,3,3,4,2,5,5,3,3,1,4,4,2,1,4,1,2,5,2,5,1,2,3,3,4,4,5,5,female
913,4,2,2,3,2,3,2,2,3,3,4,2,3,3,2,4,2,3,4,2,3,2,4,4,2,3,3,4,3,2,3,4,female
914,4,4,3,3,1,3,2,2,3,2,5,3,5,2,1,1,5,3,4,4,4,3,1,4,3,1,2,3,5,4,4,2,female
915,5,4,4,3,2,3,1,2,2,3,5,5,5,3,4,2,4,4,4,5,2,5,3,4,5,2,4,3,5,4,4,3,female
916,1,2,2,2,1,5,2,4,2,2,4,3,4,1,2,3,3,3,2,1,1,1,3,1,1,5,4,2,3,5,1,5,female
917,4,2,5,1,1,5,5,1,1,1,4,3,2,1,4,4,2,1,2,1,1,1,3,2,1,2,1,3,2,3,1,4,male
918,3,2,3,3,2,5,4,4,2,2,1,3,4,1,1,4,3,1,2,1,1,1,3,4,1,3,3,3,2,4,2,3,male
919,5,4,3,2,2,4,2,2,3,3,4,3,3,1,2,1,5,3,4,2,1,1,3,3,1,1,3,3,4,5,3,4,female
920,5,5,3,2,1,2,1,2,1,5,5,2,4,2,5,1,5,2,2,5,5,4,5,5,3,2,5,1,5,5,3,1,female
921,3,5,2,1,1,3,1,1,2,NA,4,1,3,1,1,1,2,2,2,1,1,1,1,1,1,3,3,1,3,5,1,1,female
922,2,2,2,3,3,5,4,1,2,1,2,3,2,3,2,4,3,2,3,2,4,3,4,5,1,2,3,2,1,5,3,4,male
923,2,5,5,3,4,5,5,5,5,2,2,5,5,3,4,5,2,1,4,1,1,1,5,1,1,3,5,5,2,5,5,5,female
924,3,2,2,1,2,5,4,1,4,2,5,2,5,3,1,1,5,1,3,3,3,2,1,2,3,4,4,3,3,5,1,3,female
925,3,4,2,1,1,3,1,2,4,2,1,3,5,2,1,2,5,1,4,2,1,1,2,5,1,3,4,3,3,5,2,5,female
926,3,4,1,1,1,3,3,1,2,1,5,1,4,2,1,2,NA,1,3,5,2,NA,5,4,3,5,5,2,5,5,1,5,female
927,2,1,3,3,1,5,5,3,1,1,2,2,3,1,1,5,2,3,4,1,1,1,4,4,1,1,2,5,3,4,2,1,male
928,1,5,1,1,1,4,2,1,5,2,1,5,4,3,2,5,3,3,3,4,1,1,3,5,2,3,4,2,4,4,1,5,female
929,3,2,2,1,1,4,2,1,5,5,4,2,4,3,2,1,3,2,4,2,3,1,3,1,2,4,4,2,3,5,1,5,female
930,4,3,3,3,3,3,NA,NA,2,3,NA,5,1,3,4,1,4,2,3,4,4,4,2,4,3,4,4,4,NA,NA,3,3,female
931,3,2,2,1,2,5,4,3,2,1,1,3,3,3,2,4,3,3,4,2,4,1,3,1,1,3,5,3,2,5,2,1,female
932,1,2,3,2,1,4,5,2,2,2,2,3,4,2,2,3,3,1,2,1,1,1,4,5,1,3,2,3,2,4,2,3,male
933,1,1,2,3,1,5,5,2,4,5,2,1,3,3,2,3,3,1,5,3,1,1,5,3,4,4,4,3,2,5,3,2,female
934,4,1,4,2,1,4,1,4,2,2,4,4,4,3,3,1,2,2,2,2,4,2,4,2,3,3,5,5,5,5,3,5,female
935,2,5,2,2,2,5,2,3,2,2,4,2,5,2,2,3,2,1,2,1,1,1,1,2,1,1,1,2,2,5,1,4,NA
936,3,1,1,1,1,5,1,1,1,1,5,1,5,1,1,1,1,1,5,1,1,1,NA,3,1,2,5,1,1,5,1,5,female
937,2,2,1,2,1,3,2,2,1,3,1,2,4,2,1,2,2,2,3,3,3,2,3,3,2,3,4,3,3,4,2,2,female
938,3,5,1,5,4,5,3,2,4,2,5,5,4,3,2,3,3,3,2,2,5,1,5,2,1,1,3,3,4,5,4,5,female
939,4,4,3,5,3,4,3,2,4,3,5,5,5,2,1,1,5,4,5,1,1,1,3,1,1,4,5,4,4,3,1,5,female
940,2,5,2,3,4,4,1,5,5,2,NA,5,5,2,1,1,4,1,5,3,3,1,4,4,1,2,2,3,1,4,4,4,female
941,4,3,2,3,3,5,5,1,2,1,2,1,3,1,1,1,2,4,5,1,5,1,5,1,1,1,3,2,2,5,3,4,male
942,2,4,5,2,1,5,NA,2,2,1,5,2,5,3,2,1,5,3,3,1,5,3,4,2,2,4,5,3,3,5,2,2,female
943,4,3,4,1,1,5,2,1,1,2,3,5,5,1,2,1,1,2,3,1,1,3,4,5,2,5,4,1,3,4,5,5,male
944,3,2,3,4,3,4,2,2,3,1,4,3,3,2,5,5,2,2,4,2,1,1,4,2,1,3,5,2,4,5,4,5,female
945,4,2,3,2,3,3,1,2,3,1,3,5,2,3,2,4,3,1,5,2,2,2,4,5,2,3,5,4,5,5,3,5,female
946,4,2,3,5,5,5,5,4,1,1,1,1,4,1,3,3,1,2,5,1,1,1,5,3,3,1,1,5,2,5,5,5,male
947,3,2,1,1,1,5,5,3,2,2,3,2,5,3,3,5,2,1,3,1,5,1,NA,3,1,3,2,5,1,5,1,1,male
948,2,1,1,1,1,3,2,2,2,2,2,2,3,2,2,1,3,1,2,3,4,2,3,3,2,3,4,2,3,5,1,3,female
949,4,2,2,5,4,3,3,1,5,5,4,3,4,5,1,2,3,1,4,5,1,1,1,4,2,3,4,4,5,5,5,5,female
950,1,3,1,2,1,3,2,1,1,2,1,1,3,1,1,4,2,1,5,1,2,3,3,3,1,1,1,1,1,5,4,5,female
951,4,1,3,1,1,5,5,4,2,3,2,2,3,1,3,3,1,2,4,1,5,1,3,3,1,1,3,5,1,3,4,5,male
952,1,1,2,3,4,5,5,2,1,1,1,3,2,1,2,5,1,1,5,1,1,1,5,5,1,1,1,5,1,5,5,1,male
953,3,2,3,5,4,4,5,3,3,2,2,1,5,1,1,3,1,1,5,2,5,4,3,2,1,1,3,4,2,5,1,2,male
954,4,4,3,3,2,3,1,2,5,5,4,3,5,5,3,3,1,1,1,5,3,2,1,4,3,4,4,4,3,4,4,4,female
955,2,5,1,4,1,5,2,3,4,1,3,2,4,3,3,2,3,3,4,5,5,3,2,4,1,4,4,NA,4,5,3,4,female
956,5,5,1,5,4,3,2,5,5,5,2,3,1,2,4,1,2,1,5,4,1,3,1,5,1,1,4,5,3,5,3,5,female
957,3,2,2,2,3,4,3,1,1,1,3,2,2,1,1,1,1,1,3,1,1,1,1,1,1,2,1,3,3,5,1,4,male
958,3,3,3,1,1,4,4,1,1,1,1,1,1,1,1,5,1,1,3,1,1,1,2,1,1,1,2,4,2,4,1,1,male
959,3,4,2,1,1,2,1,NA,4,4,3,4,5,5,1,2,2,3,5,5,4,1,5,2,3,5,5,2,3,5,2,5,female
960,4,4,2,3,1,5,2,4,2,2,1,2,4,3,1,1,1,1,4,1,1,1,3,3,1,1,2,2,3,4,2,4,female
961,5,3,3,3,3,5,3,2,2,3,5,3,5,2,4,3,4,3,3,3,1,1,3,4,1,2,2,2,4,5,1,1,female
962,5,5,5,5,3,5,5,3,5,4,3,5,3,5,4,4,2,5,5,2,1,1,5,5,5,4,4,5,1,5,3,5,male
963,5,3,1,3,4,3,1,4,3,2,5,4,5,3,1,3,3,2,1,1,2,4,2,1,2,2,3,1,4,4,1,1,female
964,5,5,5,1,4,5,5,3,3,2,1,3,2,2,3,5,2,5,1,1,1,1,3,3,1,4,2,5,1,5,4,3,male
965,3,4,2,2,2,4,NA,4,3,3,3,3,4,3,3,3,3,3,4,2,4,2,2,5,3,1,2,4,3,4,5,4,male
966,5,5,1,1,3,5,2,1,3,1,5,5,5,1,2,2,3,1,2,4,2,5,3,5,2,5,5,3,3,5,3,1,female
967,5,5,5,1,1,1,1,3,4,1,5,4,5,5,5,1,5,1,1,5,5,5,1,5,2,5,5,1,5,5,5,5,female
968,5,2,3,5,5,4,3,2,4,3,5,4,3,3,2,4,5,2,5,2,4,1,5,4,2,1,2,5,4,5,2,4,male
969,2,1,1,5,4,5,5,3,2,1,1,2,2,2,1,3,1,1,4,2,1,1,5,4,2,3,2,5,2,5,3,4,male
970,3,3,1,3,1,5,5,4,1,1,4,1,4,1,2,2,1,1,4,5,1,1,3,2,1,1,2,1,2,5,3,1,male
971,2,3,2,4,4,5,5,5,1,1,4,1,5,1,1,5,4,1,1,1,5,1,2,1,1,2,5,5,4,5,1,3,male
972,3,2,3,3,3,4,4,2,2,2,4,4,5,2,2,4,3,2,3,1,1,1,4,4,1,1,3,4,2,4,4,3,male
973,3,4,2,3,3,4,2,1,5,5,5,3,5,5,3,3,4,1,3,2,2,4,5,3,2,1,5,5,5,5,2,5,female
974,2,4,1,1,2,5,5,1,1,2,4,2,1,1,1,1,4,1,5,1,3,4,1,1,3,2,5,5,3,4,2,4,female
975,3,4,3,5,3,5,2,2,3,4,5,2,5,3,3,2,3,1,4,1,1,1,5,5,1,2,2,4,3,5,1,3,female
976,5,4,3,1,4,5,1,1,3,1,5,5,5,3,2,1,NA,3,5,5,5,5,NA,4,2,1,4,3,4,5,3,5,female
977,2,5,2,4,3,4,4,4,2,3,4,3,5,3,2,4,2,2,4,5,4,2,3,4,1,3,4,3,4,5,3,2,female
978,2,1,3,3,1,4,2,2,1,1,2,5,4,1,1,3,2,2,3,1,1,1,4,3,1,2,4,1,2,5,3,3,male
979,5,3,3,2,2,5,3,5,3,2,5,4,4,2,3,1,3,1,4,1,1,1,5,1,1,3,2,2,5,5,2,4,female
980,5,3,5,3,2,5,3,5,3,2,3,5,5,3,5,4,3,2,2,2,1,2,1,3,1,3,3,3,3,5,2,4,male
981,5,5,5,1,2,4,1,2,2,1,5,1,2,1,3,2,4,3,1,1,3,3,NA,1,1,2,1,3,5,5,3,3,female
982,5,5,2,1,2,5,1,1,2,1,5,4,2,1,1,1,4,2,4,3,3,4,3,1,1,2,3,3,5,3,2,1,female
983,1,2,3,3,4,4,4,2,1,1,1,1,4,2,1,4,3,1,3,1,2,1,4,1,1,3,5,5,4,5,4,4,male
984,2,2,3,1,1,4,1,4,2,1,3,3,2,1,2,1,3,1,4,5,2,1,5,4,1,3,4,1,3,5,3,4,female
985,1,1,4,1,1,4,2,4,1,1,4,3,2,1,1,2,3,2,2,3,1,1,3,1,1,1,2,3,5,4,3,4,female
986,4,3,2,1,2,3,2,3,1,1,5,2,4,1,1,1,4,1,4,2,4,1,3,3,1,3,2,3,5,4,2,2,female
987,5,5,3,5,3,4,4,3,2,1,5,3,5,2,1,1,4,5,5,1,5,1,1,4,2,1,2,3,4,4,2,1,female
988,5,5,4,2,2,5,2,2,3,NA,1,4,5,2,1,1,4,2,4,1,5,1,4,3,1,1,1,4,3,4,1,2,male
989,5,5,5,4,5,5,5,5,NA,5,5,NA,5,5,3,2,3,NA,5,5,4,NA,3,5,5,1,5,5,5,5,5,1,male
990,5,5,5,1,1,5,5,3,3,3,5,5,5,4,3,3,4,3,5,5,5,5,2,5,2,1,3,3,5,5,3,1,female
991,3,2,5,1,1,5,5,3,1,1,3,4,3,2,2,4,1,1,3,1,3,1,4,2,1,1,1,4,1,5,4,1,male
992,4,1,2,1,1,5,5,2,1,1,2,2,4,1,1,2,1,1,3,1,1,1,2,1,1,2,1,3,1,3,1,5,male
993,5,2,3,5,5,4,3,1,4,4,2,4,2,1,1,2,1,1,1,1,1,5,4,1,1,1,1,5,2,5,1,1,male
994,1,NA,5,1,1,3,2,4,1,1,3,2,5,1,4,1,2,1,2,3,1,2,3,3,1,4,3,2,4,5,3,2,female
995,5,5,2,1,1,5,1,1,4,1,5,2,3,3,3,2,4,4,4,1,1,2,3,2,1,2,3,3,3,4,3,5,female
996,3,4,3,4,2,5,4,4,1,2,1,5,5,1,4,4,2,2,2,2,1,1,3,3,1,1,3,3,2,5,2,5,female
997,4,1,1,1,1,4,4,2,2,1,1,4,3,2,1,1,2,1,3,1,4,1,2,2,1,1,1,2,2,5,1,2,male
998,1,5,1,2,1,4,1,3,2,1,1,4,5,3,3,3,5,3,5,4,3,2,5,5,2,3,1,2,2,5,5,5,female
999,3,4,2,5,5,5,5,2,3,2,4,2,5,3,2,1,1,3,5,1,3,4,1,5,2,3,2,5,4,5,3,1,male
1000,4,5,3,5,3,5,5,3,4,3,3,4,5,3,2,3,3,4,5,5,5,5,5,5,2,1,1,5,4,5,5,1,male
1001,3,3,2,1,1,3,1,2,5,5,2,3,2,3,2,1,1,1,4,5,2,1,5,5,2,3,5,3,4,5,4,5,female
1002,3,2,3,1,1,5,3,4,2,1,3,2,1,1,3,2,2,1,2,3,1,1,2,4,1,3,5,2,4,5,2,4,female
1003,2,2,1,1,3,5,5,2,1,1,1,2,3,1,1,2,1,1,1,1,5,4,2,1,1,1,1,3,1,5,3,2,male
1004,3,4,3,1,1,3,1,4,3,2,4,2,4,2,2,1,1,3,4,3,2,1,4,3,2,1,3,2,3,4,2,5,female
1005,3,4,1,2,2,5,5,3,3,2,2,3,4,3,2,2,3,1,3,3,4,1,5,2,2,1,2,2,2,5,4,4,male
1006,4,4,2,1,2,4,3,1,2,1,5,4,5,2,1,1,5,1,2,2,3,4,4,4,2,4,5,3,5,5,4,4,female
1007,4,1,1,5,4,5,5,2,2,1,1,2,2,1,1,5,1,5,5,5,5,NA,1,5,5,1,2,5,1,5,1,5,male
1008,2,3,3,3,1,3,4,1,1,1,4,1,5,1,1,1,1,1,1,1,2,1,2,2,1,1,2,3,2,3,1,5,female
1009,3,5,3,1,1,5,4,3,3,3,2,5,5,3,1,1,5,1,5,4,1,4,2,4,1,3,5,5,5,5,1,4,female
1010,2,3,1,2,2,4,2,1,5,3,1,5,4,5,1,3,1,1,4,2,1,2,5,4,5,3,3,3,1,5,2,5,male