ID,Music,Slow.songs.or.fast.songs,Dance,Folk,Country,Classical.music,Musical,Pop,Rock,Metal.or.Hardrock,Punk,Hiphop..Rap,Reggae..Ska,Swing..Jazz,Rock.n.roll,Alternative,Latino,Techno..Trance,Opera,Gender
1,5,3,2,1,2,2,1,5,5,1,1,1,1,1,3,1,1,1,1,female
2,4,4,2,1,1,1,2,3,5,4,4,1,3,1,4,4,2,1,1,female
3,5,5,2,2,3,4,5,3,5,3,4,1,4,3,5,5,5,1,3,female
4,5,3,2,1,1,1,1,2,2,1,4,2,2,1,2,5,1,2,1,female
5,5,3,4,3,2,4,3,5,3,1,2,5,3,2,1,2,4,2,2,female
6,5,3,2,3,2,3,3,2,5,5,3,4,3,4,4,5,3,1,3,male
7,5,5,5,3,1,2,2,5,3,1,1,3,1,1,2,3,3,5,2,female
8,5,3,3,2,1,2,2,4,5,1,2,3,2,2,3,1,2,3,2,male
9,5,3,3,1,1,2,4,3,5,5,1,1,2,2,2,NA,1,1,1,female
10,5,3,2,5,2,2,5,3,5,2,3,2,4,4,4,4,5,1,2,female
11,5,3,3,2,1,2,3,4,3,2,1,3,2,2,3,3,3,4,2,female
12,5,3,1,1,1,4,1,2,5,1,1,1,1,2,2,5,2,1,2,female
13,5,3,1,2,1,4,3,3,5,4,2,3,1,1,4,3,2,1,2,female
14,5,3,5,3,2,1,5,5,2,1,1,2,1,3,2,1,3,1,1,female
15,5,3,2,1,1,2,3,4,5,2,5,3,4,4,4,4,1,1,1,female
16,1,3,2,2,3,4,3,3,5,5,5,2,4,2,3,3,2,1,2,male
17,5,3,3,1,1,1,2,4,4,1,3,2,3,2,3,1,1,4,1,female
18,5,3,3,3,3,2,2,4,4,2,3,3,4,3,3,1,2,1,3,female
19,5,3,5,4,3,4,5,5,4,4,3,4,4,4,4,4,4,4,3,male
20,5,4,3,3,2,4,2,2,4,5,2,1,4,5,4,3,4,3,2,male
21,5,3,3,2,3,4,3,2,5,5,4,4,3,5,4,5,3,3,4,male
22,5,5,1,1,3,2,2,2,5,5,4,1,2,1,4,3,2,1,2,male
23,5,3,3,2,3,3,3,4,NA,1,2,2,1,1,3,2,3,3,2,female
24,5,3,4,2,2,2,4,4,5,2,3,3,3,3,3,1,4,1,1,female
25,5,2,3,1,1,4,3,3,5,5,5,1,1,1,2,3,2,3,4,female
26,5,3,4,2,1,2,3,5,1,1,1,3,1,2,1,1,4,2,1,female
27,5,5,5,5,4,5,3,4,4,3,2,2,1,3,5,3,5,2,2,female
28,4,5,3,4,1,3,2,2,4,2,4,2,4,2,3,4,3,4,2,female
29,5,3,5,1,1,1,1,3,4,1,3,5,2,1,4,3,2,3,1,male
30,5,4,3,4,2,3,3,3,4,1,3,3,4,3,4,3,4,3,2,female
31,4,3,4,3,3,3,3,4,4,2,2,4,3,4,3,3,3,3,3,male
32,4,3,4,1,3,2,3,5,3,1,1,3,3,2,1,1,5,1,2,female
33,5,5,3,1,3,2,3,3,4,3,4,4,2,2,4,4,2,3,1,female
34,5,4,2,2,3,4,5,4,3,1,1,1,3,4,4,3,2,1,5,female
35,5,4,3,2,1,3,4,4,5,3,4,2,3,3,4,4,2,1,1,male
36,5,3,3,3,1,4,5,5,3,1,1,4,3,1,3,3,5,1,1,female
37,5,3,1,3,2,3,4,4,4,1,1,1,1,1,1,1,1,1,4,female
38,5,5,1,1,1,5,1,2,3,5,2,1,2,2,2,1,1,1,1,male
39,5,5,5,3,1,5,2,5,4,1,2,4,5,2,2,1,3,4,4,female
40,5,3,3,3,2,2,3,5,5,4,4,1,2,1,5,2,1,2,2,female
41,4,3,4,1,1,1,1,5,1,1,1,3,2,1,1,1,2,3,1,female
42,5,4,5,5,5,5,1,1,4,5,1,5,5,5,5,5,5,5,1,male
43,5,5,2,2,2,3,4,5,5,4,4,3,3,3,3,4,3,3,1,female
44,5,4,3,1,1,2,2,5,4,1,2,3,2,2,2,4,3,3,1,female
45,4,4,4,2,1,3,3,4,4,1,1,3,1,3,3,4,5,4,3,female
46,5,4,5,2,2,4,3,5,4,1,2,3,3,3,5,1,4,3,4,male
47,5,3,4,3,4,1,5,5,5,3,2,5,2,3,5,4,5,2,2,female
48,5,3,3,1,1,2,3,4,4,2,2,1,3,3,NA,4,3,2,3,female
49,5,4,3,1,1,1,4,3,2,1,2,5,5,2,2,2,4,2,1,female
50,5,4,2,1,2,2,2,3,5,3,5,3,2,2,4,2,1,2,1,female
51,4,3,2,4,2,5,5,5,5,2,4,4,4,3,4,4,5,1,2,female
52,5,3,3,3,1,4,3,5,4,3,2,2,4,4,4,3,5,3,2,female
53,5,3,5,5,5,5,5,5,5,4,2,5,5,5,5,2,5,2,5,female
54,5,3,4,4,3,4,5,4,3,2,2,3,3,3,3,3,5,2,5,female
55,5,3,5,5,3,5,5,5,5,4,3,3,3,4,4,3,5,4,5,female
56,5,3,4,2,2,4,3,4,3,3,2,4,3,3,4,4,4,5,3,female
57,5,3,1,2,3,4,3,4,5,1,4,2,3,4,5,5,1,1,4,female
58,5,3,3,3,2,3,2,2,5,2,2,2,2,4,5,5,1,1,2,female
59,5,5,5,3,2,3,2,5,1,1,1,2,2,1,2,2,3,3,1,male
60,5,4,2,1,2,3,1,3,4,3,5,3,3,4,5,5,1,4,3,male
61,5,2,2,2,2,4,4,4,4,1,3,2,3,3,4,4,2,1,3,male
62,5,3,5,1,2,4,3,4,4,1,2,3,2,3,3,3,4,4,3,male
63,5,3,5,4,5,4,4,5,4,5,4,5,4,5,5,5,4,5,5,male
64,5,4,NA,1,3,2,1,2,3,1,NA,5,4,3,3,1,3,5,1,male
65,5,3,3,1,1,1,4,4,5,1,3,2,1,2,2,1,3,2,2,female
66,4,3,3,1,2,2,1,3,3,3,2,4,2,2,2,1,2,4,2,male
67,4,3,4,2,2,2,4,5,3,4,3,3,3,3,2,2,4,5,1,male
68,3,4,4,3,2,2,4,5,1,1,1,4,3,4,4,1,5,1,1,female
69,5,5,3,2,1,2,4,3,5,5,5,1,5,4,4,3,2,4,2,female
70,5,4,1,1,1,1,4,5,4,1,1,1,1,1,2,1,4,1,2,female
71,5,3,5,2,2,2,3,5,3,1,1,5,2,3,1,1,2,3,1,male
72,4,3,2,3,1,4,1,4,1,1,1,4,4,1,2,3,1,3,1,male
73,5,3,2,2,2,2,5,5,5,2,4,4,2,2,3,3,5,1,1,female
74,5,3,3,2,2,2,1,5,2,1,2,5,2,2,2,2,4,3,1,male
75,5,3,2,1,4,5,3,2,1,1,1,5,4,1,1,1,1,2,4,male
76,5,3,3,4,4,3,1,1,5,4,4,3,5,4,5,4,4,1,2,male
77,4,4,4,1,1,2,2,2,2,1,NA,4,1,1,2,1,1,1,1,male
78,5,3,5,1,2,2,2,5,4,2,1,4,2,2,2,2,5,5,1,female
79,4,4,4,2,4,1,5,5,3,1,1,4,5,5,5,3,5,4,2,female
80,5,3,4,4,4,3,4,5,5,2,2,5,3,3,3,3,4,4,4,female
81,5,3,4,2,2,2,3,4,5,2,3,4,4,3,4,2,5,3,2,female
82,5,4,4,1,2,3,3,5,4,2,3,4,4,3,4,3,5,3,3,male
83,5,5,1,3,1,3,2,1,5,5,4,1,1,2,2,5,1,1,3,female
84,5,3,5,1,2,4,4,5,5,3,1,3,2,4,3,1,5,5,3,female
85,5,3,1,1,4,5,5,1,5,5,5,4,4,5,5,4,3,1,5,female
86,5,2,3,3,5,5,3,3,4,4,1,1,1,2,3,3,2,4,3,male
87,4,3,4,3,3,3,2,4,5,3,3,4,3,3,3,3,2,3,3,male
88,5,4,4,1,2,2,4,4,5,2,4,3,5,3,4,4,5,2,1,female
89,5,5,5,1,1,5,2,5,5,1,1,1,1,5,5,4,5,5,1,female
90,5,3,3,2,1,4,3,3,5,3,3,1,2,4,4,4,2,1,3,female
91,4,2,3,2,1,3,4,3,4,1,3,1,3,1,2,3,1,1,1,female
92,5,5,1,5,1,NA,5,3,5,5,5,1,5,1,3,1,1,1,1,female
93,5,2,1,3,4,4,4,2,3,1,2,1,3,5,4,3,3,1,4,female
94,5,4,1,5,5,4,4,4,3,3,3,1,1,5,4,1,1,1,4,male
95,5,5,5,1,1,1,2,4,3,1,3,5,2,1,3,3,1,4,1,male
96,5,3,3,2,2,4,3,3,3,1,2,5,5,4,4,2,3,2,2,male
97,5,3,1,1,1,1,1,2,4,5,4,3,1,1,1,4,1,4,1,male
98,5,3,2,1,1,1,1,2,1,1,1,5,2,2,1,1,1,2,1,male
99,3,5,5,1,1,1,1,3,5,2,1,1,3,2,2,5,5,3,1,male
100,5,3,4,1,1,2,2,4,2,1,3,2,4,1,2,1,4,1,1,female
101,5,4,4,3,2,4,5,4,5,3,2,4,4,3,3,2,3,2,2,female
102,5,3,1,3,2,3,1,2,4,5,4,1,4,3,3,3,1,1,2,male
103,5,3,1,2,3,5,4,1,5,2,5,1,4,5,5,5,2,1,4,female
104,5,5,5,2,2,NA,4,5,1,1,1,5,5,4,3,2,5,4,4,male
105,4,4,3,3,2,4,2,2,4,4,3,3,3,4,4,4,3,3,2,male
106,5,5,1,3,1,3,2,2,4,5,1,1,2,3,1,1,1,1,2,male
107,5,3,4,4,5,5,3,4,5,1,2,4,4,4,5,3,5,3,4,male
108,5,3,1,1,1,2,2,2,4,4,1,1,3,4,2,4,2,1,NA,female
109,4,3,2,2,1,4,1,2,4,4,3,2,1,1,2,3,2,2,3,female
110,5,2,2,2,4,4,2,3,5,5,3,2,2,2,3,1,3,1,4,male
111,5,4,4,5,2,3,1,4,4,1,1,1,4,5,4,4,4,4,1,male
112,5,3,4,3,2,5,3,3,4,2,2,3,3,4,4,5,2,4,4,female
113,5,3,4,2,2,4,3,3,3,2,2,1,3,4,2,3,5,4,1,female
114,3,4,4,2,3,1,2,4,4,2,1,NA,1,1,2,2,2,5,1,female
115,5,3,2,1,1,3,4,4,4,1,3,2,2,2,3,3,1,1,4,female
116,5,4,5,2,2,5,4,5,5,2,2,3,3,3,2,3,5,3,2,female
117,5,3,2,2,2,2,1,3,5,1,2,1,1,2,4,5,2,1,1,female
118,5,3,2,2,1,1,3,5,3,2,1,1,1,1,2,1,4,1,1,female
119,5,3,1,2,2,4,1,3,4,2,4,2,4,4,4,4,2,1,1,male
120,4,2,4,2,1,3,2,4,2,2,1,2,2,2,2,1,2,3,2,female
121,5,5,4,1,2,4,4,2,5,5,2,1,3,5,5,3,4,3,2,male
122,4,3,2,3,4,2,1,4,4,2,2,4,2,2,4,1,1,3,1,male
123,5,3,3,2,2,5,3,1,5,2,4,1,3,4,4,5,3,1,3,female
124,5,3,3,3,3,3,4,3,5,3,1,3,1,5,5,3,3,1,3,female
125,4,4,1,4,NA,5,5,3,5,3,3,1,2,4,5,2,3,1,3,male
126,5,3,3,3,2,3,2,2,4,3,3,2,4,5,3,4,3,2,2,female
127,3,5,4,1,1,3,1,4,4,1,4,4,1,1,1,2,1,1,1,female
128,4,3,3,3,4,4,3,4,4,3,3,3,4,3,4,4,2,3,3,female
129,5,5,5,1,5,5,5,5,5,5,1,2,3,1,5,5,5,5,2,female
130,5,4,5,3,1,2,2,4,5,2,2,2,3,4,3,4,3,1,1,female
131,4,2,2,1,1,4,2,2,5,3,3,1,2,2,3,1,3,3,2,female
132,5,4,3,1,1,2,2,4,2,1,2,5,2,1,1,1,1,3,1,male
133,5,4,3,1,1,1,1,4,4,1,5,2,4,3,2,2,2,1,1,female
134,5,3,2,4,1,4,2,1,3,1,1,1,2,5,1,1,3,1,3,female
135,5,3,4,3,3,3,3,3,3,1,1,4,4,4,4,4,4,4,2,female
136,5,3,2,1,3,5,1,3,5,4,4,3,5,4,4,5,1,1,3,male
137,5,3,4,3,2,3,2,4,3,1,1,5,1,1,1,1,1,1,3,male
138,5,3,4,3,3,5,5,5,4,2,2,4,3,5,4,3,4,2,2,NA
139,5,3,2,3,3,4,5,2,1,1,1,3,3,4,4,2,3,1,2,female
140,5,4,5,3,2,3,3,5,4,1,2,5,3,4,4,1,2,3,2,female
141,5,4,3,2,1,2,3,4,4,2,2,2,2,5,3,2,4,3,2,female
142,3,4,1,3,1,3,1,3,5,5,4,4,3,1,1,5,5,2,1,female
143,5,4,4,1,3,2,2,4,4,1,1,3,2,1,1,2,3,2,1,male
144,5,4,4,2,1,1,2,4,4,2,3,5,4,1,1,3,3,3,1,female
145,5,2,3,1,2,3,2,NA,5,1,3,2,2,2,4,3,4,4,2,male
146,1,4,4,1,1,2,2,2,4,1,1,1,2,1,1,3,2,3,2,female
147,5,3,5,2,1,4,1,5,4,3,4,5,1,1,1,1,2,NA,1,male
148,5,4,3,2,3,2,2,3,5,4,3,5,2,2,2,4,2,1,1,male
149,4,3,4,4,4,3,3,5,3,2,3,4,3,2,4,3,3,3,2,male
150,2,3,1,3,1,3,4,1,2,2,2,3,2,1,1,1,1,1,2,male
151,5,2,2,2,3,4,4,3,5,5,3,1,2,4,4,3,1,1,4,female
152,5,4,3,1,1,3,2,2,4,4,4,2,5,4,4,4,2,2,1,male
153,5,3,5,2,2,3,3,4,4,2,1,4,3,3,4,3,2,2,2,male
154,2,5,5,2,2,3,2,4,2,1,2,4,1,4,2,1,3,3,3,female
155,5,3,1,2,4,5,1,1,5,4,4,2,2,3,3,3,2,1,3,male
156,5,4,4,3,3,5,2,3,3,2,3,3,2,4,3,4,2,2,3,female
157,5,4,2,4,3,4,2,3,5,2,5,3,5,2,3,3,2,1,2,male
158,5,5,4,4,4,2,2,4,4,4,4,2,2,2,1,2,1,1,2,male
159,5,3,4,2,1,3,2,5,4,1,3,4,5,4,3,3,2,5,1,female
160,5,3,4,4,3,5,4,4,5,3,3,3,4,3,3,4,3,3,3,male
161,5,3,3,2,1,2,1,1,5,4,5,3,5,4,4,5,1,3,1,male
162,5,3,2,2,2,2,2,4,5,3,3,4,3,2,3,2,2,3,2,female
163,4,2,3,5,4,5,2,4,3,1,1,5,4,3,2,1,5,1,3,male
164,5,5,3,1,1,2,1,4,3,2,1,1,1,1,1,3,1,5,1,male
165,5,4,4,2,1,3,2,4,NA,1,3,2,2,4,4,5,2,3,2,male
166,5,4,5,2,4,3,1,4,1,1,1,5,3,3,2,1,5,2,1,female
167,5,5,1,2,1,3,1,1,3,5,2,1,1,1,1,2,2,1,5,female
168,3,3,3,2,2,NA,2,3,4,3,4,4,4,3,3,3,3,3,2,male
169,5,4,4,1,2,4,3,4,4,1,3,3,3,3,4,2,1,1,1,female
170,5,3,2,1,2,4,4,3,5,4,3,1,1,3,3,4,1,1,1,female
171,4,3,2,3,2,2,1,3,4,2,2,2,3,5,4,5,4,1,1,male
172,5,4,3,1,2,4,3,4,4,1,1,4,3,3,3,2,1,1,1,male
173,5,3,2,3,3,4,4,2,5,5,5,2,4,4,4,4,2,1,3,male
174,5,3,2,1,2,4,4,3,2,1,1,2,1,2,3,2,1,5,4,male
175,5,2,1,5,3,3,3,1,1,1,1,1,1,1,1,1,3,1,5,male
176,5,3,1,1,1,5,3,3,5,5,2,3,4,4,4,2,4,2,1,female
177,5,3,3,NA,1,1,1,3,5,5,3,2,4,3,5,4,1,2,1,male
178,5,3,1,4,2,4,3,1,5,5,3,1,3,3,3,5,2,1,3,male
179,4,3,1,3,3,5,2,2,4,4,3,1,2,2,4,3,2,1,4,female
180,4,3,1,2,2,5,2,1,1,2,1,1,1,4,1,1,1,4,5,male
181,4,4,2,1,1,3,3,2,5,4,5,2,2,1,4,4,1,1,1,male
182,5,3,4,3,3,4,3,3,4,3,3,4,4,5,3,3,5,3,3,male
183,5,3,4,3,2,4,4,4,5,4,3,2,4,3,2,3,4,1,5,female
184,5,3,3,2,1,2,5,4,3,1,1,5,4,4,3,4,3,4,3,male
185,5,4,2,2,2,3,4,2,5,1,2,1,1,4,5,5,1,1,2,female
186,3,3,3,1,1,2,5,3,2,1,1,4,3,3,4,1,5,3,1,female
187,4,2,2,4,2,3,3,4,2,1,1,1,1,3,2,2,3,2,4,female
188,5,3,1,2,2,2,1,4,3,2,2,1,1,2,1,5,1,5,1,female
189,3,3,3,3,2,5,4,3,3,1,1,3,2,2,2,2,2,1,4,female
190,5,3,1,3,2,5,3,1,4,5,4,1,1,1,3,2,1,1,4,female
191,4,4,2,2,2,4,2,2,4,5,3,2,3,2,3,3,2,2,3,female
192,5,3,2,5,2,4,5,5,2,1,1,1,3,4,3,4,3,1,4,female
193,5,1,4,1,2,3,3,5,4,1,3,5,2,1,3,2,3,4,1,female
194,5,3,1,4,3,5,3,1,5,5,4,1,3,3,5,5,1,1,3,male
195,5,4,1,2,1,3,2,2,4,2,4,2,3,1,5,5,1,1,1,male
196,5,3,2,2,2,3,2,2,3,1,1,5,3,3,3,3,2,1,2,male
197,5,3,2,2,2,2,3,4,4,3,3,4,4,3,3,3,3,3,3,female
198,5,3,3,2,3,1,4,2,2,1,1,3,2,2,1,1,3,1,1,female
199,5,3,3,4,2,2,2,3,5,3,5,5,4,2,5,2,2,2,2,male
200,5,4,4,1,1,1,1,2,3,1,1,4,2,1,1,1,2,4,1,male
201,4,3,3,1,2,4,3,4,4,4,3,5,4,3,4,2,2,2,1,male
202,5,3,2,4,3,3,3,5,5,NA,3,5,5,1,5,5,3,2,1,NA
203,5,3,5,1,1,1,1,3,2,1,1,5,3,1,1,1,1,4,1,male
204,5,3,4,2,2,3,1,4,5,3,3,3,3,2,2,2,4,3,3,female
205,5,3,3,3,2,3,3,2,5,4,4,2,5,4,5,4,3,1,2,female
206,5,1,2,4,3,5,5,4,4,3,1,1,1,4,5,3,4,1,5,female
207,5,3,5,2,2,5,5,3,4,4,3,1,2,4,4,3,1,1,5,male
208,5,3,2,3,3,4,5,3,3,1,4,2,2,3,4,2,4,1,4,female
209,5,3,3,2,1,3,2,4,4,1,5,4,5,5,5,3,3,1,2,female
210,5,2,4,3,3,4,3,2,5,4,3,5,4,5,4,2,4,2,2,male
211,5,4,5,5,5,5,1,4,5,4,3,4,4,4,5,3,4,5,1,male
212,5,4,5,1,2,2,5,5,5,1,1,5,4,4,5,2,5,4,1,female
213,5,3,1,3,3,5,1,2,4,2,3,3,2,4,5,5,1,2,5,male
214,5,4,4,2,3,3,4,5,5,2,5,4,2,2,2,4,3,5,2,female
215,4,3,2,2,2,3,3,3,5,4,3,2,2,5,5,4,3,1,2,female
216,1,3,2,2,1,1,1,3,1,1,1,5,1,1,1,1,5,1,1,male
217,5,4,1,1,1,1,1,1,4,5,3,2,1,1,3,1,1,2,1,female
218,5,3,4,1,3,2,5,4,3,1,2,3,1,2,4,4,3,2,3,female
219,5,4,2,1,3,2,3,4,3,1,1,4,3,1,2,2,1,3,2,male
220,5,5,5,1,1,1,2,3,1,1,1,5,2,1,1,1,2,5,1,male
221,5,3,4,3,3,4,2,1,3,1,2,5,4,4,2,5,3,1,3,male
222,5,3,4,5,1,4,3,3,5,5,4,5,5,5,4,4,3,4,3,male
223,5,3,3,2,4,4,3,5,5,3,3,2,1,4,3,3,3,1,1,female
224,5,3,3,3,2,3,1,4,2,2,1,4,3,4,2,2,5,2,2,female
225,5,3,2,2,3,5,4,4,5,3,4,3,3,2,3,5,2,1,2,male
226,5,4,2,3,2,4,4,2,5,2,4,3,4,4,5,5,3,2,2,male
227,5,5,5,5,4,NA,3,4,5,3,3,5,3,2,NA,1,NA,3,1,NA
228,5,2,2,4,3,5,3,2,4,3,3,2,3,5,3,4,4,1,3,female
229,4,3,3,5,3,4,2,3,3,1,2,1,2,5,4,4,3,2,3,female
230,4,3,4,2,4,1,1,4,3,1,4,2,5,3,3,2,2,3,3,male
231,5,2,2,5,4,5,5,5,3,1,3,4,3,3,3,3,5,2,3,female
232,5,1,3,2,3,2,2,4,5,3,3,1,2,3,5,1,5,1,1,female
233,5,3,1,2,4,4,1,2,3,2,2,3,4,5,3,1,4,3,1,female
234,4,4,4,2,2,4,3,4,4,4,4,4,4,2,4,3,4,4,1,female
235,4,4,4,4,3,2,1,4,5,4,4,2,4,1,3,4,5,1,1,female
236,5,3,1,1,1,3,3,3,5,4,2,1,1,3,4,2,4,1,2,female
237,1,3,3,3,2,3,5,4,4,3,3,2,4,3,4,2,4,1,1,female
238,5,4,4,2,1,3,3,4,3,1,1,5,4,3,2,2,5,3,2,female
239,5,2,2,1,2,2,3,4,2,1,1,5,3,2,3,2,4,1,1,female
240,5,3,4,2,1,5,2,2,4,1,3,3,3,4,4,4,2,2,4,female
241,3,4,2,1,1,1,1,2,3,2,1,2,2,2,2,2,1,2,1,male
242,5,4,2,1,1,3,5,3,3,1,2,5,3,3,3,3,2,1,4,female
243,3,3,3,2,1,2,5,5,4,1,1,1,1,2,2,1,4,1,3,female
244,NA,3,2,1,2,4,5,5,5,1,4,1,2,4,5,4,3,1,2,female
245,5,3,5,2,4,3,5,5,5,2,3,2,3,3,4,3,5,2,1,female
246,5,3,2,3,3,2,2,3,4,3,4,4,5,4,5,5,3,1,1,female
247,5,3,3,2,3,4,1,4,5,2,2,3,4,4,4,1,5,1,4,male
248,5,3,3,2,1,4,5,3,5,2,3,3,4,5,3,5,4,2,1,female
249,5,3,4,1,1,4,3,4,5,4,3,4,2,2,2,2,2,3,3,female
250,5,3,3,4,4,4,4,5,5,4,4,2,2,4,4,4,5,2,4,female
251,5,3,3,2,1,2,2,4,3,2,2,4,4,2,2,2,4,2,1,female
252,5,5,5,2,2,3,5,5,5,2,4,4,4,3,3,2,4,5,2,female
253,5,2,2,2,3,3,3,4,5,1,2,2,1,3,2,5,4,2,4,female
254,5,3,3,1,2,1,1,3,1,1,1,1,1,1,1,1,1,1,1,female
255,5,3,5,3,2,2,5,5,3,1,1,4,2,1,5,2,5,3,2,female
256,5,3,2,5,4,5,5,3,5,4,3,3,3,4,4,4,5,1,4,female
257,5,3,3,4,2,1,2,5,2,1,1,3,2,1,2,1,5,1,1,female
258,5,3,5,3,2,3,3,4,4,3,1,4,2,3,3,3,2,5,2,male
259,5,4,1,2,1,5,1,1,5,5,2,1,1,4,3,5,2,1,1,female
260,2,3,3,3,3,2,2,3,4,2,2,2,1,3,5,2,5,1,5,male
261,3,3,3,3,3,3,3,3,3,3,3,3,3,3,3,3,3,3,3,male
262,5,3,4,2,3,2,2,5,2,1,2,2,1,1,1,1,3,1,1,female
263,5,4,3,4,2,5,4,2,5,2,1,3,3,5,3,5,2,3,4,female
264,5,5,5,2,2,2,4,5,4,2,2,4,3,2,4,3,5,3,2,female
265,3,3,3,3,1,3,3,5,4,3,3,5,4,3,3,3,3,3,3,female
266,5,3,3,2,1,2,3,5,2,1,1,4,3,3,2,1,1,1,1,female
267,5,3,3,3,2,3,3,4,4,1,1,2,2,4,3,1,4,1,2,female
268,5,3,4,3,4,4,3,2,4,4,4,3,2,2,3,2,3,2,3,female
269,5,3,3,2,1,2,2,5,2,1,1,2,3,3,3,2,5,1,2,female
270,5,3,3,1,2,4,4,3,5,3,4,1,1,1,3,2,4,2,4,female
271,5,3,3,2,1,1,3,4,5,4,5,5,5,5,5,5,3,2,1,female
272,5,3,4,3,1,1,1,4,5,5,5,5,5,4,5,4,2,1,1,male
273,5,3,2,4,3,5,3,2,5,5,5,2,5,4,3,5,2,1,5,female
274,5,3,4,2,2,4,4,4,4,2,4,4,4,5,4,4,4,4,3,female
275,5,4,5,3,3,2,2,4,3,1,1,4,3,2,4,1,3,2,1,female
276,5,3,3,3,4,4,5,3,4,4,3,2,2,4,3,3,5,4,3,female
277,5,4,5,3,5,2,2,5,5,4,3,1,1,1,4,3,3,1,1,female
278,5,3,2,1,3,3,1,4,5,3,1,2,2,3,5,1,2,2,2,male
279,5,4,3,5,2,4,3,3,4,2,3,5,5,2,3,5,4,3,3,male
280,5,3,4,2,2,2,1,4,3,1,3,3,3,1,1,1,2,2,1,female
281,5,3,4,2,1,3,4,2,5,5,3,2,3,2,2,4,5,5,2,female
282,5,3,4,2,3,4,1,2,4,4,5,4,4,5,5,2,5,3,2,male
283,5,3,1,1,2,1,2,3,2,1,1,1,2,1,2,2,3,1,1,female
284,5,3,4,2,3,3,2,4,4,2,4,4,NA,5,3,2,3,3,2,male
285,1,2,1,1,1,1,1,1,1,1,1,1,1,1,1,1,1,1,1,male
286,5,4,3,1,1,3,3,5,5,1,1,3,1,2,1,1,1,1,4,female
287,5,3,3,2,2,4,3,4,4,1,3,5,5,3,3,4,4,1,1,female
288,5,3,3,1,1,3,2,4,4,2,4,4,1,3,3,4,2,3,3,female
289,5,3,5,3,NA,3,1,2,3,2,1,4,4,2,3,1,4,5,1,male
290,5,3,4,2,2,3,4,4,4,2,2,4,1,2,4,1,NA,2,3,male
291,4,3,4,1,1,2,4,4,4,1,1,4,3,4,4,3,4,1,1,female
292,4,3,3,3,3,3,3,3,5,4,4,3,4,3,4,3,3,2,3,male
293,5,4,5,2,3,2,5,5,4,1,3,3,3,3,3,3,5,2,1,female
294,5,1,2,2,2,4,4,1,5,4,5,1,4,3,3,5,2,1,2,female
295,5,3,2,2,1,4,2,3,4,1,4,NA,4,4,3,4,4,1,2,female
296,5,3,3,2,5,3,3,4,5,3,2,2,4,3,5,5,3,1,4,female
297,5,4,5,1,1,1,1,5,3,2,2,2,4,1,3,3,1,5,1,male
298,5,3,2,1,2,3,2,2,3,2,3,1,3,3,2,4,2,4,2,male
299,5,3,5,2,3,2,2,4,3,1,1,5,4,4,5,1,5,2,1,female
300,5,3,4,1,1,3,4,2,4,1,3,5,5,3,2,2,3,1,2,female
301,5,2,1,5,2,5,2,2,4,5,3,1,1,3,3,5,1,1,5,female
302,4,2,1,2,1,5,2,1,5,5,1,1,1,2,1,2,1,1,4,male
303,5,4,5,4,1,2,5,5,5,2,2,5,3,1,4,1,5,1,2,female
304,4,5,2,2,4,2,5,4,5,4,2,4,2,2,3,1,5,1,1,female
305,5,3,2,2,1,4,4,4,4,2,1,2,3,2,2,1,2,1,3,female
306,5,3,3,2,1,2,2,2,5,2,3,2,2,3,4,5,1,1,2,female
307,5,5,5,3,3,3,3,3,4,2,4,4,5,5,5,5,5,4,1,female
308,5,3,1,4,3,2,5,2,5,4,3,1,1,5,5,3,3,1,1,female
309,5,5,5,2,3,3,2,4,3,1,NA,3,1,1,1,2,3,4,1,female
310,5,3,4,2,1,3,3,3,4,1,1,4,1,1,4,2,2,2,1,female
311,5,5,4,1,1,3,2,4,4,2,1,1,2,1,1,1,3,5,3,male
312,5,4,5,5,2,5,5,5,5,2,2,5,5,5,3,3,5,2,5,female
313,2,4,2,1,1,2,2,3,4,3,2,3,3,3,3,2,1,2,1,male
314,5,4,3,2,2,4,3,4,2,1,1,4,1,3,4,2,4,2,2,female
315,5,4,5,4,5,4,5,5,5,5,5,2,5,5,5,5,5,5,4,male
316,5,3,1,1,1,3,3,5,2,1,1,2,1,1,1,2,2,1,2,male
317,5,3,4,1,1,1,3,3,3,1,2,3,2,1,1,2,2,4,2,female
318,5,3,5,2,2,2,1,3,5,1,2,2,1,2,3,3,4,4,1,male
319,5,3,2,3,4,3,3,3,1,1,3,3,2,4,4,3,3,2,1,female
320,5,3,4,3,2,4,5,5,4,1,2,3,3,4,3,4,4,3,2,female
321,5,4,3,2,2,2,2,3,5,4,3,2,3,2,2,5,2,4,1,male
322,5,3,3,2,4,3,4,4,5,2,2,5,2,3,5,3,4,3,1,female
323,5,3,2,2,1,4,3,2,5,5,5,1,3,3,5,5,3,1,2,female
324,5,2,2,1,4,5,4,5,4,1,3,1,1,1,3,1,3,1,5,male
325,5,3,4,2,2,2,2,5,3,2,3,2,3,3,3,3,3,2,2,female
326,5,3,4,4,3,3,3,4,4,4,4,5,5,2,4,3,3,4,2,male
327,5,4,3,2,2,3,2,5,4,2,2,2,3,3,3,3,3,3,1,female
328,5,3,3,2,1,4,4,5,3,1,1,5,4,3,4,2,3,1,2,female
329,5,5,3,3,4,2,1,2,5,4,5,2,4,3,2,5,3,1,1,male
330,5,3,4,2,3,3,2,4,4,1,2,4,2,2,3,2,2,3,1,female
331,5,3,4,2,1,4,3,3,5,3,3,3,2,3,3,4,NA,3,2,female
332,5,5,3,2,3,3,3,2,5,2,2,5,1,5,5,1,2,4,1,male
333,4,3,3,2,3,3,5,3,2,1,1,2,3,1,1,1,5,1,1,female
334,5,2,3,2,3,3,4,5,4,2,2,3,2,3,3,2,3,2,2,female
335,5,2,2,3,3,2,3,2,3,2,2,2,2,4,1,4,4,1,1,female
336,5,5,4,3,2,3,3,4,4,2,2,4,4,4,3,2,2,4,2,male
337,5,4,3,1,2,3,2,5,3,1,2,3,3,3,2,3,1,4,2,male
338,5,3,5,1,2,3,2,3,3,1,1,5,2,2,1,2,1,5,3,male
339,5,3,NA,NA,NA,4,3,3,5,2,2,2,1,1,2,1,1,2,2,female
340,5,3,2,2,1,5,3,2,5,5,5,1,3,3,5,5,2,1,3,female
341,5,1,1,3,2,5,3,2,3,1,2,3,3,2,2,4,2,1,3,female
342,5,4,1,1,1,1,1,2,2,2,2,5,1,1,1,1,1,5,1,male
343,5,3,3,2,2,2,4,3,3,1,2,4,4,3,3,3,4,3,2,female
344,5,4,3,5,2,2,5,5,4,2,2,1,2,2,5,2,5,1,2,female
345,5,3,2,4,4,1,2,5,3,1,1,2,1,1,4,3,3,1,1,female
346,4,3,4,2,1,1,2,4,4,3,4,2,3,2,2,2,2,3,1,female
347,5,4,1,1,1,1,1,3,3,1,1,5,5,1,3,1,2,4,1,male
348,5,4,3,2,2,2,2,4,4,4,4,2,2,NA,2,1,1,2,1,male
349,5,4,3,5,2,5,5,4,2,1,1,1,2,5,5,3,3,2,5,male
350,5,4,5,2,1,2,3,5,2,1,1,3,2,3,3,1,2,4,1,female
351,2,3,4,2,2,1,1,4,4,3,3,2,3,1,1,3,1,2,1,male
352,5,3,3,2,4,5,3,5,5,2,4,1,4,4,4,5,3,1,3,female
353,5,5,2,1,3,2,1,2,5,5,1,1,1,1,5,1,2,1,2,male
354,5,3,3,1,2,3,2,4,2,1,1,4,2,2,3,5,2,1,3,female
355,5,3,3,3,2,4,4,4,4,2,3,3,2,2,2,3,2,3,4,female
356,5,4,2,1,3,1,2,4,3,1,1,5,2,1,2,1,3,2,1,male
357,4,4,3,3,4,4,4,5,5,3,2,4,4,3,4,2,3,2,3,male
358,5,4,3,1,1,2,2,2,4,4,3,5,2,2,1,1,4,3,2,male
359,4,3,5,3,3,2,1,3,5,2,1,3,3,3,4,1,2,2,3,male
360,5,3,4,2,4,3,2,5,2,1,2,4,4,2,3,1,3,2,3,female
361,5,3,4,1,2,1,3,5,5,1,1,5,5,3,4,3,3,1,2,female
362,5,1,3,5,5,5,2,2,5,4,2,3,4,5,1,1,1,1,1,female
363,5,3,2,3,2,4,5,3,5,4,5,2,4,NA,4,3,4,2,4,female
364,5,3,1,3,2,4,5,3,5,3,5,2,4,1,4,4,4,1,5,female
365,2,4,4,2,3,3,2,4,5,4,3,3,3,2,4,3,1,2,1,male
366,5,3,2,2,3,4,2,1,5,4,5,1,5,4,5,5,1,2,4,male
367,5,2,2,1,2,2,2,4,4,2,2,3,3,1,1,1,1,3,1,male
368,5,3,3,1,3,4,1,5,5,4,4,1,2,5,5,5,1,3,1,male
369,5,4,5,2,2,3,3,5,3,1,1,3,4,3,3,1,5,NA,3,female
370,5,3,5,3,2,1,1,NA,2,4,2,3,2,1,2,3,1,5,1,male
371,5,4,3,3,2,4,3,5,5,3,3,4,3,3,3,2,4,1,2,female
372,5,3,5,5,5,5,5,5,5,3,3,2,2,5,5,3,5,2,5,female
373,4,4,2,2,2,2,2,2,4,2,5,1,4,2,3,4,2,4,2,male
374,5,4,2,1,1,1,1,5,3,1,1,2,1,1,1,1,1,1,1,male
375,5,3,5,2,2,1,2,5,3,1,1,3,3,2,2,1,2,3,1,female
376,5,3,4,2,1,1,3,5,4,2,2,5,2,2,1,1,3,NA,1,female
377,5,5,NA,1,1,1,1,4,1,1,1,5,1,1,1,1,2,1,1,female
378,5,3,2,3,3,4,2,3,5,4,3,1,3,4,4,5,3,1,1,female
379,5,5,5,NA,2,2,4,5,4,1,1,4,5,1,2,2,3,3,1,female
380,5,3,5,4,3,4,5,4,4,2,2,3,3,4,3,2,4,2,4,male
381,5,4,4,3,2,2,3,4,4,1,1,4,2,2,4,2,5,5,1,female
382,5,4,2,2,3,4,3,2,5,3,3,1,1,3,3,3,2,1,4,female
383,5,3,4,3,4,2,2,5,1,1,1,4,2,1,2,2,5,4,1,female
384,5,3,2,2,2,3,4,3,5,3,4,3,3,3,3,5,1,2,3,male
385,5,4,3,1,1,2,3,3,5,5,3,4,4,4,4,5,2,1,1,female
386,5,3,5,4,4,5,4,4,5,3,3,4,5,5,5,4,5,3,3,male
387,5,3,3,2,1,2,3,4,5,3,3,5,4,2,3,3,2,4,1,female
388,5,3,5,2,2,2,4,5,2,1,1,5,5,3,3,2,5,2,1,female
389,5,3,3,4,2,4,4,5,4,1,3,4,5,5,4,3,5,3,3,female
390,5,4,3,2,2,3,3,3,2,1,1,2,2,4,3,2,5,1,2,female
391,4,3,1,1,2,3,2,2,2,1,2,2,2,3,3,4,3,3,3,male
392,4,4,3,3,3,3,3,3,3,2,1,3,3,3,3,2,2,1,2,female
393,5,4,4,3,1,3,2,4,3,1,1,5,3,1,2,2,5,2,1,female
394,5,4,1,1,3,1,1,1,3,5,3,2,1,1,2,2,1,1,1,male
395,5,3,3,1,1,2,1,3,4,2,1,1,2,2,3,2,2,1,1,male
396,5,4,3,1,3,1,2,3,4,5,3,3,2,2,4,5,1,5,1,male
397,5,3,3,4,2,5,4,3,3,1,1,2,3,4,3,1,2,2,5,female
398,5,3,3,5,2,2,3,4,1,1,1,4,2,1,2,1,4,1,1,female
399,5,4,3,3,2,2,2,2,3,3,3,5,5,3,4,3,4,5,2,female
400,5,4,2,4,1,5,5,4,4,3,4,2,4,3,3,4,2,1,5,female
401,5,3,4,1,2,3,1,4,2,1,1,3,3,2,2,2,1,4,3,male
402,5,3,2,1,3,1,3,2,5,4,1,1,1,1,2,2,3,1,2,female
403,5,3,5,5,1,5,2,4,5,4,1,1,1,1,1,NA,1,3,3,male
404,2,3,2,3,3,3,4,3,4,2,2,2,4,2,4,3,3,1,3,male
405,5,3,4,5,5,5,2,4,5,1,5,3,2,2,5,5,1,5,3,female
406,4,3,3,3,3,3,3,3,2,1,2,4,2,4,3,3,3,2,3,female
407,5,3,4,5,1,4,5,5,4,1,1,3,3,4,4,1,5,4,4,female
408,5,3,4,2,3,3,3,3,3,1,3,3,3,5,3,2,2,2,2,female
409,5,5,3,4,3,5,5,3,1,1,1,1,1,4,5,3,5,1,5,female
410,5,4,5,1,5,1,5,4,4,1,3,4,2,3,4,3,2,4,1,female
411,5,5,4,2,1,3,1,4,5,1,5,4,1,1,5,3,1,1,1,male
412,5,3,3,2,2,3,4,5,5,1,1,4,2,4,3,1,5,2,2,female
413,5,5,3,1,1,1,1,3,5,5,1,1,1,1,1,1,1,5,1,female
414,5,3,4,3,1,2,2,4,4,4,4,2,2,2,4,2,2,3,2,male
415,5,3,4,3,2,5,3,5,3,2,1,3,2,3,4,4,2,2,2,male
416,5,3,3,1,1,1,1,5,5,1,2,4,2,1,5,3,3,3,1,female
417,4,2,5,1,1,4,2,4,3,2,2,3,2,2,2,1,3,4,1,female
418,5,5,1,2,1,2,2,1,2,4,5,1,5,1,4,4,1,1,2,male
419,5,1,4,4,2,2,3,5,1,1,1,1,2,1,2,2,4,1,2,female
420,5,3,5,2,5,5,5,5,5,1,1,3,3,4,5,5,3,3,5,female
421,5,4,1,1,1,3,1,2,5,3,5,1,3,2,1,1,1,1,3,female
422,5,2,2,3,2,5,5,5,4,1,1,2,2,5,3,2,3,2,3,female
423,5,5,4,1,1,1,4,5,1,1,1,4,2,1,1,1,5,5,3,female
424,5,2,3,2,1,3,3,5,4,3,3,1,3,3,3,3,3,2,3,female
425,5,5,5,3,3,2,2,3,NA,1,1,5,NA,4,1,1,2,5,1,female
426,5,3,3,1,1,2,3,4,5,3,5,3,4,3,4,5,1,2,3,female
427,5,2,1,1,1,1,1,2,5,4,1,1,3,4,4,4,2,1,1,female
428,5,3,3,3,1,5,1,2,3,1,2,2,3,5,3,5,3,2,4,male
429,5,3,5,3,2,4,5,5,3,2,4,3,2,2,2,1,2,3,3,female
430,5,4,2,1,2,3,2,2,5,4,4,2,1,2,3,NA,1,1,2,female
431,5,5,3,3,3,4,2,4,4,2,2,2,4,3,3,3,4,3,2,female
432,4,3,4,1,3,2,3,2,2,1,1,3,3,3,2,2,4,5,4,male
433,5,3,2,2,2,3,1,1,5,4,3,3,3,3,4,5,3,1,1,male
434,5,3,4,4,4,2,4,5,4,3,4,2,2,2,3,5,3,2,2,female
435,5,4,4,1,2,2,3,5,3,1,1,4,3,3,2,1,5,4,1,male
436,5,3,1,1,1,1,2,3,5,5,3,2,1,1,5,3,1,1,1,female
437,4,3,2,2,2,2,1,4,4,2,2,2,3,2,3,2,4,3,2,male
438,5,3,2,1,1,1,2,3,3,1,2,3,1,1,3,1,1,4,1,female
439,5,3,1,1,1,2,3,4,5,4,4,4,3,1,2,1,2,1,2,female
440,5,5,5,2,2,1,1,4,2,1,1,4,2,2,3,3,2,4,1,male
441,5,3,4,1,2,4,3,4,4,1,1,3,3,3,4,3,3,4,1,female
442,5,1,3,2,1,2,2,5,NA,1,3,1,1,1,1,1,5,1,1,female
443,5,3,4,2,4,3,3,5,4,1,4,3,4,4,4,2,2,2,1,female
444,4,3,2,2,2,4,3,3,3,1,2,3,3,3,3,2,3,3,3,female
445,5,4,3,2,4,2,2,2,3,4,4,2,5,4,5,5,2,4,2,female
446,5,3,4,2,2,2,3,5,3,1,1,4,2,3,2,2,5,1,1,female
447,4,3,4,1,2,2,1,3,3,1,1,4,2,1,2,1,1,4,1,male
448,3,2,1,3,3,3,4,1,1,1,1,1,1,1,1,1,1,1,2,female
449,5,3,4,2,2,2,2,4,4,1,1,4,1,2,4,3,2,3,2,female
450,5,3,3,3,1,2,5,3,4,2,2,2,3,3,5,2,5,1,1,female
451,5,4,4,3,1,5,3,5,3,1,1,2,2,1,1,1,3,1,4,male
452,5,3,3,2,2,3,1,4,4,1,1,3,2,3,2,2,3,3,1,male
453,5,3,4,1,1,1,1,5,3,3,3,3,3,2,4,3,1,3,1,female
454,5,4,2,2,1,1,5,3,4,2,2,2,3,3,5,2,5,1,1,female
455,4,4,2,1,1,2,3,4,5,3,4,3,5,4,4,4,2,1,1,female
456,5,3,4,2,1,2,3,5,5,2,5,3,3,2,3,2,2,4,2,female
457,5,5,3,1,1,1,1,3,2,1,4,5,5,1,2,3,1,1,1,male
458,5,4,4,2,1,2,1,4,5,2,3,2,2,2,3,3,2,4,1,male
459,5,NA,5,5,5,5,5,5,1,1,1,5,1,1,5,5,5,5,5,female
460,4,2,2,2,3,3,3,2,3,2,3,1,4,3,3,5,2,3,3,female
461,5,4,3,1,1,1,1,2,4,2,4,5,5,1,1,3,1,1,1,male
462,5,3,2,4,3,3,3,3,3,1,1,1,3,3,3,3,4,2,4,male
463,4,3,3,1,2,3,1,3,5,1,4,3,3,3,3,4,2,3,1,female
464,5,3,3,1,1,3,3,5,3,1,1,3,3,1,1,5,5,1,1,female
465,5,4,4,3,3,3,2,3,4,1,4,2,3,2,4,2,5,3,2,female
466,5,3,3,2,2,3,4,3,1,1,2,2,4,4,2,3,5,2,2,female
467,5,3,3,1,3,3,3,4,3,1,1,4,1,3,3,1,3,5,1,male
468,4,2,4,3,2,3,2,3,2,2,1,4,2,1,2,2,2,2,1,female
469,5,3,3,2,4,4,2,4,5,2,2,5,4,4,5,2,2,2,2,female
470,5,5,5,1,1,1,1,4,3,1,3,4,4,2,5,4,1,4,1,male
471,4,3,4,3,1,2,3,5,2,1,1,3,3,2,3,1,3,1,3,female
472,5,3,4,2,2,2,2,3,5,4,5,2,5,3,4,5,2,2,1,male
473,3,3,2,2,4,3,2,4,3,1,2,1,1,1,2,1,1,1,2,male
474,5,2,1,1,1,1,1,2,4,4,3,1,1,1,1,4,1,1,1,male
475,5,3,5,1,1,3,1,5,3,1,1,5,2,1,1,3,1,5,1,male
476,5,3,3,2,5,4,5,3,5,4,4,3,4,3,5,3,4,1,2,female
477,5,3,2,1,1,4,3,4,5,4,3,3,3,5,5,5,5,1,2,female
478,5,3,2,1,1,2,4,2,5,3,3,1,2,3,5,5,2,1,1,female
479,5,4,5,2,3,2,3,4,4,2,2,2,2,2,4,4,2,3,2,male
480,5,3,3,2,2,3,3,3,4,3,4,3,3,4,4,NA,4,2,2,female
481,5,4,5,3,5,3,4,5,4,2,3,4,3,4,5,4,5,4,4,female
482,5,4,4,4,1,5,1,1,2,4,1,1,1,4,4,4,1,5,4,male
483,3,4,2,1,3,1,1,3,4,2,4,4,4,3,1,1,1,1,1,male
484,5,4,3,2,1,5,3,4,5,3,5,3,2,4,3,1,5,1,1,female
485,5,3,3,1,2,2,2,4,4,3,3,3,3,NA,2,2,2,2,2,female
486,5,3,4,2,1,2,1,4,5,1,1,1,3,5,4,4,4,1,1,female
487,3,3,4,2,2,2,1,4,2,1,1,3,2,3,3,3,3,2,1,female
488,5,5,5,2,1,1,1,1,1,NA,NA,NA,NA,NA,NA,NA,1,1,1,female
489,5,3,2,4,3,5,4,3,5,3,2,3,3,5,5,4,3,1,4,male
490,5,5,2,2,2,1,1,2,5,1,5,3,5,2,5,5,1,1,1,female
491,4,3,3,2,2,2,3,3,2,1,1,5,1,1,2,1,5,4,2,female
492,5,3,3,2,2,2,2,4,4,2,3,3,2,2,3,1,5,1,2,female
493,5,5,3,3,1,4,4,2,5,2,2,1,2,3,4,5,3,2,2,female
494,5,3,4,1,2,2,1,5,3,1,1,5,2,2,3,3,4,2,1,male
495,5,3,2,2,1,2,4,2,5,2,2,1,4,5,4,5,2,1,2,female
496,5,3,2,1,2,2,2,3,5,2,4,2,2,1,5,5,2,2,1,female
497,3,2,3,2,4,5,4,3,3,1,1,2,2,2,4,3,4,2,4,female
498,5,4,3,3,3,4,4,5,5,2,3,1,3,5,5,1,4,1,5,female
499,5,3,3,2,1,3,2,2,4,1,1,1,3,2,3,5,3,1,1,female
500,5,4,2,4,2,3,2,4,4,2,4,1,3,1,3,3,1,3,2,male
501,5,3,3,5,2,4,2,2,4,2,1,1,2,2,4,5,4,4,4,female
502,5,3,4,5,3,4,2,4,4,2,2,2,2,4,4,2,5,2,2,female
503,5,4,4,3,2,4,2,2,5,3,4,3,3,4,5,3,1,3,3,male
504,5,3,2,2,1,5,5,4,4,1,1,1,1,1,2,1,4,5,4,female
505,5,3,5,1,1,2,2,5,1,1,1,5,2,1,2,2,2,1,1,female
506,5,4,3,4,2,2,2,3,5,3,4,3,3,2,4,4,2,1,1,male
507,5,4,2,1,1,1,1,2,2,3,3,5,1,1,1,2,1,2,1,male
508,5,4,3,4,3,3,4,2,2,1,1,2,5,4,4,4,4,1,2,female
509,5,3,1,3,5,4,1,3,5,2,NA,1,3,3,5,5,1,1,1,male
510,4,5,4,5,2,3,4,4,1,1,1,4,3,3,1,NA,3,4,1,female
511,5,3,5,3,3,4,4,4,4,3,2,4,4,4,3,3,3,2,4,male
512,5,3,3,1,2,3,2,3,3,1,1,4,4,4,3,3,2,1,1,male
513,5,1,2,4,1,2,1,1,1,1,1,1,1,2,1,3,NA,4,2,female
514,5,4,3,1,1,2,3,3,4,5,5,3,2,1,3,3,3,3,1,male
515,5,3,1,5,5,2,2,3,5,1,1,1,2,1,5,3,2,1,2,male
516,5,4,4,3,3,3,4,4,5,5,3,1,2,3,3,4,2,1,2,male
517,5,5,5,3,1,2,3,5,4,4,3,5,3,2,3,3,2,4,3,male
518,5,3,3,1,1,4,4,4,4,3,3,4,3,1,1,3,4,4,4,female
519,5,4,4,2,2,3,2,5,4,1,2,4,3,3,2,2,5,4,4,female
520,5,4,4,3,1,2,1,1,2,2,1,4,4,2,2,2,2,4,1,male
521,5,3,3,1,2,2,2,4,2,1,1,4,4,2,2,2,4,2,1,female
522,5,3,5,5,1,5,4,5,3,2,2,3,3,4,4,2,5,3,3,female
523,5,3,4,2,2,3,3,4,3,1,2,3,3,3,3,3,4,4,3,female
524,5,3,5,2,1,2,1,1,3,1,1,2,3,3,4,2,2,3,1,male
525,5,3,2,1,2,4,2,2,5,5,5,2,5,NA,3,5,2,1,3,female
526,3,4,3,3,3,3,3,3,5,1,3,3,3,3,3,3,3,1,3,female
527,5,4,3,1,1,2,2,4,4,4,4,5,5,3,4,3,3,1,1,male
528,4,5,3,1,3,2,3,4,4,1,NA,2,4,4,4,4,4,2,1,female
529,5,4,3,1,1,5,3,5,5,1,2,5,1,3,5,1,1,3,2,male
530,5,2,1,2,2,2,1,3,5,3,2,1,1,2,3,4,3,1,2,male
531,5,3,3,5,2,3,3,5,2,1,1,1,1,1,1,4,3,1,1,female
532,5,4,2,5,4,5,2,2,5,4,3,1,2,3,5,5,2,1,1,male
533,5,3,4,2,1,3,3,4,4,2,1,2,4,5,3,3,4,4,2,female
534,5,3,3,1,2,2,2,3,5,2,3,2,2,3,5,5,3,3,2,male
535,5,3,3,3,1,3,3,4,3,1,1,4,4,4,3,NA,4,2,2,female
536,5,1,3,3,4,4,4,5,5,3,4,4,3,4,5,1,4,4,1,male
537,5,5,2,1,1,1,2,4,2,2,1,5,3,1,1,1,3,5,1,female
538,5,3,3,2,1,4,3,3,4,1,3,3,3,1,3,5,1,2,3,male
539,5,3,3,2,1,3,3,4,4,4,4,4,2,1,3,3,3,3,2,female
540,5,3,3,2,2,5,1,4,5,4,1,1,1,1,3,4,1,1,4,male
541,5,3,3,5,1,5,5,5,5,1,2,4,4,2,5,3,3,3,5,male
542,5,4,3,2,2,2,3,3,2,2,2,4,3,2,2,2,3,1,1,female
543,5,3,5,2,1,2,2,4,4,3,5,5,5,4,3,5,4,2,2,NA
544,5,4,4,1,1,4,2,4,4,4,3,3,2,5,4,4,4,4,2,male
545,5,4,2,3,1,4,5,2,5,4,3,2,2,2,4,5,3,1,3,male
546,5,3,3,3,3,3,1,3,3,3,3,3,3,3,3,3,1,3,1,male
547,5,3,3,2,2,5,5,4,5,3,3,2,5,5,5,4,5,1,5,male
548,5,4,1,4,2,5,3,1,4,5,2,2,2,1,4,3,1,1,5,male
549,4,3,1,3,3,3,1,2,5,1,2,1,2,1,4,4,1,1,1,female
550,5,4,5,1,2,2,3,5,3,1,1,5,3,3,1,2,4,4,2,female
551,5,3,2,5,4,3,3,3,5,2,2,1,3,3,5,4,2,1,2,female
552,5,4,3,3,3,2,2,4,2,1,1,1,1,1,1,1,2,1,2,female
553,5,3,2,3,1,3,3,2,4,2,1,1,4,5,3,5,5,2,2,female
554,3,3,4,4,2,2,2,3,2,1,1,3,1,1,1,3,2,3,2,female
555,4,3,3,4,2,3,4,3,3,2,2,3,1,2,3,2,3,3,1,male
556,5,5,5,3,1,1,2,5,1,1,2,4,5,3,1,2,4,2,1,female
557,5,3,3,1,1,3,3,4,1,1,1,4,1,1,NA,1,1,2,1,female
558,5,3,2,3,3,2,3,4,4,2,2,2,4,4,4,3,3,1,2,female
559,NA,2,3,1,2,2,4,4,2,1,1,1,2,2,3,2,5,2,2,female
560,5,3,5,2,2,1,2,2,4,2,1,5,3,1,2,1,1,1,1,female
561,5,5,4,3,3,4,3,4,3,4,4,4,4,3,4,3,4,2,3,female
562,5,3,4,3,3,4,2,4,4,1,3,5,3,4,4,2,4,4,3,male
563,5,5,5,3,2,2,2,4,3,3,3,5,1,2,2,2,NA,1,1,male
564,5,4,4,1,3,3,1,4,5,2,3,5,3,1,3,3,1,2,1,male
565,5,5,5,1,1,1,1,1,5,1,5,3,3,1,2,1,1,2,1,male
566,5,3,5,2,2,2,3,4,2,1,2,2,2,2,2,2,2,3,3,female
567,5,3,3,2,2,2,3,2,2,1,1,4,3,1,2,1,3,2,1,female
568,5,4,4,2,2,1,1,3,3,2,2,3,4,2,3,2,2,2,1,male
569,5,4,5,2,1,2,1,5,3,1,1,3,1,1,1,3,3,3,1,female
570,5,3,4,4,2,3,2,3,3,2,2,2,3,1,2,3,3,2,1,female
571,5,3,3,1,1,2,1,3,3,1,2,2,1,1,3,2,2,1,1,male
572,3,5,4,2,1,2,3,4,1,3,2,5,3,2,1,1,NA,4,1,male
573,5,3,3,1,1,4,3,3,3,3,1,2,2,1,2,1,1,1,2,female
574,4,3,3,1,1,1,1,2,4,3,3,3,1,1,3,4,1,4,1,male
575,5,5,5,3,1,1,3,3,3,1,1,3,2,1,1,2,2,5,1,female
576,5,4,3,4,3,4,4,2,4,2,3,2,2,3,3,4,5,2,2,female
577,5,3,3,2,4,3,5,3,3,1,2,5,5,2,2,2,2,3,2,male
578,5,4,4,2,1,2,5,3,3,1,1,1,1,1,1,1,2,2,1,female
579,5,3,3,2,3,2,4,5,2,1,1,4,3,2,4,3,4,1,2,female
580,5,3,4,3,2,5,2,5,5,4,3,3,2,5,5,3,2,5,1,male
581,5,3,1,1,1,1,1,1,1,1,1,5,3,2,2,2,1,3,1,male
582,5,4,2,2,1,1,4,3,4,3,4,4,5,3,2,5,2,5,1,female
583,3,3,4,3,1,3,3,2,3,2,1,4,4,4,3,3,3,4,2,male
584,5,4,2,1,1,3,4,5,4,1,1,5,3,4,4,2,3,1,1,male
585,5,3,4,3,3,2,2,5,3,1,1,2,3,3,3,1,4,4,2,female
586,5,3,3,3,3,3,2,3,4,3,1,3,2,4,4,3,4,4,2,male
587,5,5,5,3,4,4,3,2,3,4,2,1,3,2,1,5,3,5,1,male
588,5,3,2,1,1,1,1,2,4,4,5,3,4,1,3,2,1,2,1,female
589,5,3,4,1,1,2,5,2,1,1,1,4,1,1,2,1,5,1,2,female
590,5,4,1,1,1,3,4,1,5,5,5,1,2,1,5,3,2,2,2,female
591,5,3,3,2,3,3,4,3,5,4,3,1,4,4,5,3,4,1,2,male
592,4,3,3,3,2,1,5,4,1,1,1,4,2,4,2,2,5,1,2,female
593,5,3,3,3,1,3,3,4,1,1,1,4,2,2,2,2,5,4,1,female
594,5,3,2,3,1,4,3,2,5,3,2,2,4,3,3,4,4,1,2,female
595,5,3,2,3,1,5,1,3,4,1,4,2,2,4,1,5,1,1,3,male
596,5,5,1,1,1,1,3,1,4,4,5,1,4,1,2,1,1,1,1,male
597,5,3,4,1,1,2,1,4,3,1,1,4,4,2,2,2,2,5,1,male
598,5,4,4,2,2,2,2,5,5,2,3,4,2,2,4,3,3,3,2,male
599,4,3,4,2,3,2,1,3,4,2,4,4,3,3,3,2,5,3,2,male
600,5,4,5,3,4,2,2,5,4,3,3,4,4,2,4,4,2,3,1,male
601,5,3,2,1,1,5,3,4,4,4,3,5,5,2,2,4,1,4,1,female
602,5,3,1,4,3,4,3,2,4,1,2,1,1,4,5,5,4,1,2,female
603,4,4,4,2,3,2,2,5,4,4,2,3,1,4,4,3,3,3,1,male
604,5,4,3,2,2,3,4,4,4,2,2,5,3,4,2,4,4,4,2,female
605,5,3,3,2,2,1,3,4,4,1,5,4,4,2,2,5,2,1,1,female
606,5,3,1,5,5,2,3,3,5,3,4,1,3,3,4,1,1,1,2,male
607,4,3,3,2,1,2,2,5,4,1,2,2,1,2,3,2,2,1,2,male
608,3,3,3,1,3,3,3,4,3,3,3,1,3,3,4,1,4,1,2,female
609,3,4,2,4,2,4,2,5,1,NA,4,4,4,4,4,4,4,1,5,male
610,4,3,3,2,2,5,2,3,3,2,2,5,2,3,2,3,2,4,3,male
611,5,4,3,2,2,3,2,4,5,4,2,2,2,4,5,4,2,3,2,male
612,5,3,3,2,1,1,1,5,3,1,1,3,2,1,2,1,1,3,1,female
613,5,3,5,1,1,3,2,3,4,3,3,4,4,3,2,3,5,5,3,male
614,5,2,3,2,2,2,1,3,4,3,1,5,2,4,3,4,4,3,1,female
615,5,3,4,1,1,3,2,4,4,1,1,1,4,5,3,1,2,5,1,female
616,5,3,3,3,1,5,4,4,5,2,3,2,2,5,3,5,3,3,2,male
617,3,3,4,1,5,4,1,3,5,3,2,1,4,3,5,1,4,4,1,male
618,5,3,3,2,4,5,5,3,4,1,1,1,2,2,1,1,5,1,5,female
619,5,5,5,4,2,5,5,5,5,1,1,5,5,5,1,3,5,1,5,female
620,5,1,3,3,1,5,4,3,3,2,2,3,2,3,3,2,3,2,5,male
621,5,3,2,1,1,5,2,4,4,1,3,4,1,1,3,3,2,2,1,male
622,4,1,4,1,2,2,2,1,3,4,1,1,1,1,2,5,2,5,1,NA
623,5,3,5,4,4,5,5,5,4,2,4,3,4,4,5,3,3,4,3,female
624,5,4,2,3,3,1,1,1,2,2,3,5,4,3,2,1,1,1,1,male
625,5,2,3,1,2,1,2,5,5,2,1,4,2,2,4,1,2,1,1,female
626,5,4,5,3,2,3,3,5,2,1,3,4,1,2,4,3,5,2,1,female
627,5,3,4,2,2,1,1,3,3,2,1,4,4,4,2,2,3,4,2,female
628,5,5,4,4,3,1,4,2,1,1,1,1,2,3,3,4,3,2,1,female
629,4,4,3,1,1,2,2,3,5,5,5,4,4,3,3,3,3,2,1,male
630,5,3,5,3,2,2,2,4,4,1,1,5,3,2,2,2,5,3,2,female
631,5,5,4,1,3,2,3,5,4,3,2,4,5,4,4,2,5,5,1,female
632,5,3,5,2,1,4,5,4,5,3,2,2,2,3,2,3,5,3,3,female
633,5,4,4,3,2,2,2,4,3,3,2,5,2,2,3,3,2,4,2,male
634,5,4,3,5,3,1,1,4,3,1,1,2,3,3,2,1,3,1,1,male
635,5,3,3,4,2,4,4,4,3,2,2,4,3,4,3,4,3,2,3,female
636,4,2,4,4,2,3,4,4,4,1,1,2,4,4,4,1,4,1,2,female
637,5,3,3,5,4,3,3,4,4,1,4,5,5,3,5,5,5,3,4,male
638,5,2,2,3,2,4,3,5,5,2,5,2,1,2,2,1,1,2,3,male
639,5,3,3,3,2,2,5,5,5,3,5,4,4,3,4,3,3,1,3,female
640,5,3,2,1,2,1,1,1,5,5,3,1,2,5,5,5,1,1,1,male
641,5,4,5,2,2,4,3,5,5,4,5,5,2,1,1,1,1,1,1,female
642,5,3,3,3,3,3,3,4,3,2,2,5,4,3,3,3,3,3,3,male
643,4,3,4,4,2,5,5,3,3,2,2,2,2,1,1,3,3,3,5,male
644,5,3,4,2,1,NA,3,4,5,1,1,4,1,3,4,1,5,2,4,female
645,4,5,3,3,2,2,2,5,4,2,2,4,4,2,2,1,3,1,2,female
646,5,4,4,2,1,4,4,3,2,1,1,4,2,3,2,4,4,5,3,male
647,4,3,3,1,2,3,4,4,4,1,1,3,2,2,3,1,3,2,2,male
648,5,3,3,1,3,5,4,5,3,1,1,5,2,4,5,3,5,1,1,female
649,5,4,5,5,2,2,5,4,3,1,1,3,2,2,4,1,5,2,2,female
650,5,3,5,2,2,2,2,3,3,3,3,4,4,4,4,3,3,2,2,female
651,5,3,4,1,1,1,2,4,2,1,1,4,2,1,2,1,2,3,1,male
652,5,4,4,2,2,3,2,3,3,2,2,4,3,3,3,3,4,4,3,male
653,4,3,3,2,1,3,1,5,4,1,1,1,1,1,2,1,2,1,1,male
654,5,3,3,2,2,3,2,3,5,5,2,1,3,4,5,2,4,1,4,female
655,4,3,4,3,2,3,2,5,3,2,1,3,2,2,2,2,4,3,2,male
656,5,3,3,2,2,2,2,3,5,3,4,3,4,2,3,3,2,4,1,female
657,5,3,2,2,2,4,2,2,5,3,3,2,1,4,4,3,1,1,4,female
658,5,3,4,1,1,1,3,5,3,1,2,4,2,1,2,2,2,1,1,female
659,5,3,5,2,2,3,2,2,2,2,1,5,2,3,2,3,2,4,1,male
660,5,2,2,1,1,3,3,4,5,4,4,2,1,3,3,5,2,1,2,male
661,5,3,2,2,1,3,1,4,5,3,4,3,5,4,3,3,2,1,2,female
662,5,4,3,1,1,2,3,3,1,1,1,2,1,1,1,1,1,2,1,female
663,5,4,3,2,2,1,3,4,4,1,1,3,4,1,3,1,1,2,2,female
664,5,3,3,3,2,4,3,NA,3,4,5,3,4,3,3,4,3,2,2,male
665,5,2,3,4,4,3,4,1,2,1,1,1,2,3,4,3,5,1,3,female
666,5,3,1,2,1,3,1,2,5,5,5,5,5,3,5,5,3,4,4,female
667,5,3,2,1,2,2,2,2,5,3,2,1,1,1,4,5,1,1,1,female
668,5,3,2,1,1,5,3,1,2,1,3,5,4,4,1,2,2,1,2,male
669,5,3,1,2,3,4,2,2,5,5,1,2,2,4,5,5,4,1,2,male
670,4,3,4,2,3,3,4,3,3,3,4,4,3,3,3,4,4,4,2,male
671,5,3,3,2,2,2,3,3,3,3,1,2,3,3,2,2,5,2,2,female
672,5,3,3,3,3,2,3,3,3,1,1,4,4,4,4,4,4,4,3,female
673,3,1,2,4,2,5,5,4,4,2,2,1,1,3,2,3,3,1,5,female
674,4,3,2,2,1,3,4,5,4,2,1,3,2,4,4,3,4,1,4,female
675,5,4,3,3,1,3,1,3,5,3,3,4,1,1,3,1,3,1,1,male
676,5,3,3,3,3,3,5,5,4,2,1,2,2,2,3,1,3,3,2,female
677,5,4,2,2,1,2,2,1,2,2,1,2,1,2,1,5,2,2,2,female
678,4,3,3,2,1,3,3,4,3,2,3,3,3,2,3,1,4,1,1,female
679,5,3,2,3,3,3,3,2,5,5,4,1,5,3,4,4,4,1,5,female
680,5,3,2,2,1,2,2,1,5,2,5,3,5,4,5,5,2,3,1,female
681,5,4,4,3,4,2,4,5,5,2,3,5,5,2,5,2,5,5,1,female
682,5,5,4,3,2,4,4,3,5,5,4,4,5,4,3,4,4,4,4,female
683,4,4,4,2,3,3,3,4,4,3,4,3,4,3,4,3,2,5,2,male
684,5,3,2,5,5,3,3,5,5,4,3,3,3,3,5,1,5,1,1,female
685,5,5,5,1,1,2,3,5,4,1,2,4,2,2,3,2,4,1,1,female
686,5,3,3,2,3,3,4,4,3,2,3,4,3,4,4,1,4,3,2,female
687,2,4,4,4,4,4,3,4,4,3,3,3,3,3,3,3,3,3,3,male
688,5,3,3,1,2,3,3,3,5,4,4,5,NA,3,5,3,2,1,1,male
689,5,4,4,3,1,3,4,4,5,1,5,3,1,1,2,1,4,1,1,female
690,5,3,3,1,2,2,1,4,4,1,2,4,2,2,2,2,4,3,2,male
691,5,4,4,1,2,3,2,2,4,1,3,3,3,3,4,4,3,3,2,male
692,5,3,4,2,2,2,3,3,4,4,2,4,2,4,5,5,4,2,2,female
693,5,3,2,3,3,3,3,4,5,5,4,4,3,4,4,4,2,2,2,male
694,5,3,3,2,2,3,2,4,3,2,1,4,3,3,3,3,4,4,1,female
695,5,3,3,3,4,5,2,3,5,4,2,3,3,5,5,1,5,4,3,male
696,5,4,4,2,2,3,5,5,4,2,2,5,3,4,4,4,4,3,4,female
697,5,3,3,5,3,1,5,5,3,1,1,3,1,3,NA,1,3,3,1,female
698,5,3,3,1,1,3,3,4,5,3,5,3,1,1,2,2,3,1,2,female
699,5,5,5,4,1,3,3,5,3,1,1,5,5,3,2,2,5,2,2,female
700,5,3,4,3,1,2,3,5,3,1,2,3,3,2,2,1,5,2,1,female
701,5,3,3,3,2,1,1,1,4,2,1,4,2,1,2,1,4,1,1,female
702,5,5,5,4,3,4,2,2,2,1,1,2,2,3,3,2,3,5,4,female
703,5,2,1,3,3,5,2,4,5,5,2,1,1,2,3,3,3,1,4,male
704,4,3,3,3,3,3,2,3,4,4,4,3,5,3,3,3,3,1,2,male
705,5,3,4,2,1,2,4,5,5,1,2,4,5,2,4,3,5,2,1,female
706,5,4,5,1,2,4,3,3,5,3,4,3,5,4,4,5,3,3,2,female
707,5,3,4,2,3,3,4,5,4,2,1,4,3,2,1,3,2,3,2,male
708,5,3,2,2,1,3,4,3,4,5,2,2,2,2,3,4,2,2,4,female
709,5,4,2,1,1,2,3,5,3,1,1,5,4,1,1,4,1,4,1,male
710,5,3,3,2,2,2,2,3,5,5,3,4,3,4,4,5,4,2,2,female
711,4,4,4,3,3,2,2,5,4,1,2,4,5,3,2,2,2,1,1,female
712,4,3,3,3,4,2,2,4,4,2,3,2,4,2,4,1,4,1,1,female
713,5,3,2,2,2,2,4,4,3,1,1,1,1,3,2,2,4,1,3,female
714,5,3,3,4,4,3,3,3,4,1,5,4,5,5,5,5,4,2,2,female
715,5,3,5,3,3,1,3,3,5,1,1,4,5,1,3,3,3,3,1,female
716,4,3,2,3,3,3,4,2,5,5,4,1,4,3,3,2,3,1,3,male
717,5,3,2,4,5,5,3,2,3,2,1,4,5,3,3,2,2,3,3,male
718,5,3,1,1,1,4,3,4,4,2,1,1,1,3,3,3,1,1,1,female
719,5,4,3,2,2,4,3,5,5,4,5,2,3,5,3,3,2,NA,4,female
720,4,3,3,1,3,3,1,5,3,3,2,2,3,2,2,2,2,3,1,male
721,4,3,4,2,1,5,3,3,2,4,2,4,4,5,3,5,4,2,4,female
722,5,3,3,5,1,5,3,4,4,1,1,1,1,3,3,4,3,1,2,female
723,5,3,3,3,2,5,3,5,5,2,2,4,3,5,4,5,5,2,2,female
724,5,3,4,2,3,3,4,5,4,1,1,2,1,4,3,2,2,1,2,female
725,4,3,5,3,3,2,5,5,3,2,2,3,3,3,4,2,5,2,3,female
726,5,4,4,2,2,4,1,4,2,1,1,4,1,4,2,4,3,3,1,male
727,5,3,2,4,2,1,1,5,2,1,1,5,5,3,2,1,2,4,1,male
728,5,2,2,1,3,1,1,5,5,3,3,2,2,3,3,1,5,5,1,male
729,5,4,5,1,3,2,5,5,2,1,1,5,2,2,3,3,2,3,1,female
730,5,3,2,2,2,5,4,4,5,4,3,4,4,3,5,4,3,3,3,male
731,5,4,1,2,1,3,3,1,5,5,5,3,3,4,2,4,1,1,2,female
732,5,3,3,2,2,3,2,4,4,1,2,4,3,4,4,5,3,2,2,female
733,5,4,2,1,1,4,2,3,3,2,2,4,3,4,3,2,3,2,2,female
734,4,3,3,5,5,5,4,3,4,2,1,1,4,4,4,3,5,1,4,female
735,5,3,3,4,5,5,5,3,2,2,1,1,2,3,3,2,4,1,5,female
736,2,1,1,3,2,4,2,1,1,1,1,1,1,1,2,1,1,1,3,female
737,4,3,5,2,4,5,5,4,5,4,3,2,2,4,5,2,5,2,4,female
738,5,1,3,2,1,3,4,3,4,2,1,1,1,4,5,4,4,3,2,female
739,5,5,4,1,1,1,1,3,5,4,2,5,1,1,4,1,1,NA,2,male
740,5,5,3,3,4,4,4,4,5,5,3,1,2,2,5,2,3,3,4,male
741,4,3,5,2,2,2,2,4,4,2,1,5,2,3,3,3,3,2,1,male
742,5,3,3,5,1,5,3,3,3,1,1,1,2,5,4,4,4,1,5,female
743,5,3,1,3,4,5,3,2,4,2,1,3,4,2,3,4,5,5,2,male
744,2,3,2,2,2,2,2,2,4,4,4,3,3,3,3,4,2,1,1,male
745,5,4,2,3,NA,5,4,2,5,4,5,1,3,3,5,5,NA,NA,3,male
746,5,3,3,4,3,2,2,3,4,2,2,1,3,2,3,2,NA,5,2,male
747,5,3,3,1,2,3,3,4,5,2,3,1,NA,3,4,4,4,2,2,female
748,5,3,4,3,1,5,4,4,2,4,3,5,4,5,2,5,3,3,5,female
749,5,3,3,3,3,5,4,3,4,4,5,3,3,3,3,3,3,3,3,female
750,5,3,2,4,4,1,1,1,5,3,3,1,1,3,5,5,1,1,1,male
751,5,3,5,5,2,5,3,3,3,1,1,5,1,5,4,5,5,1,4,female
752,5,3,2,4,1,5,5,5,5,3,4,1,2,3,3,3,4,2,5,female
753,5,4,5,2,1,3,4,5,3,1,3,4,2,4,2,2,5,4,2,female
754,5,3,3,2,2,4,3,3,4,2,2,1,3,2,5,5,3,1,2,female
755,4,4,2,1,3,2,1,4,3,2,3,4,3,3,3,2,4,3,3,male
756,5,3,2,2,3,3,3,3,5,5,4,1,4,4,5,2,3,1,1,female
757,5,4,3,NA,4,NA,3,4,5,5,5,2,5,3,4,4,3,4,2,male
758,5,3,5,3,3,5,5,2,3,1,2,5,5,5,3,2,5,5,3,female
759,5,5,4,1,1,2,1,3,1,1,1,3,1,1,2,2,1,5,1,male
760,5,3,5,4,3,5,5,5,4,3,3,3,3,4,5,4,4,2,5,male
761,5,3,5,2,2,2,2,5,5,4,4,2,3,2,4,4,2,3,2,female
762,5,4,3,1,1,1,1,4,1,1,2,5,5,1,1,3,1,2,1,male
763,5,3,4,1,1,1,1,3,3,1,3,4,5,1,3,5,1,3,1,male
764,5,3,3,2,1,3,3,3,5,3,5,1,1,3,3,4,1,3,3,male
765,5,2,3,1,2,3,4,5,3,1,2,2,2,3,3,2,4,1,3,female
766,5,3,2,1,2,4,3,4,5,5,5,2,2,3,5,4,2,2,1,male
767,5,5,5,5,5,4,4,4,4,5,4,4,4,4,5,3,4,4,4,female
768,1,1,2,3,4,3,3,2,2,5,2,2,2,3,4,4,3,2,3,male
769,4,3,3,1,2,3,1,4,3,2,2,5,3,3,3,3,3,3,1,male
770,3,3,3,3,3,3,3,3,3,3,3,3,3,3,3,3,3,3,3,female
771,1,1,1,1,1,1,1,1,1,1,1,1,1,1,1,1,1,1,1,female
772,5,2,2,4,4,4,2,3,5,5,4,2,3,2,3,2,2,1,4,male
773,5,4,3,1,2,4,3,4,2,1,1,4,1,1,4,2,4,1,2,female
774,5,4,4,2,2,2,2,3,5,5,3,4,3,5,4,4,4,2,2,female
775,3,3,2,1,1,4,3,2,2,1,1,2,2,3,3,2,3,1,4,female
776,5,3,2,1,1,4,3,3,4,1,2,4,2,2,3,4,4,5,4,female
777,5,3,NA,5,1,3,3,4,5,1,1,3,1,3,5,2,5,5,3,male
778,5,5,3,1,2,3,2,5,3,1,1,5,3,3,3,3,3,3,2,male
779,5,3,2,1,1,1,3,5,2,1,1,3,2,1,2,1,1,1,1,female
780,5,3,3,3,4,4,4,3,3,2,2,4,2,5,3,4,2,3,3,female
781,5,3,3,1,2,2,3,4,4,1,2,3,3,3,3,2,4,4,2,male
782,4,2,4,1,2,3,2,3,3,1,1,1,1,4,4,1,3,2,3,female
783,5,3,2,3,4,4,4,3,5,5,5,2,5,5,5,5,4,2,3,female
784,5,3,2,5,2,4,5,4,5,4,1,2,3,3,3,2,3,4,3,male
785,4,3,4,3,1,4,4,4,3,1,1,3,3,5,2,2,3,4,3,male
786,4,4,3,3,3,3,4,5,2,3,3,4,3,3,2,3,3,1,3,male
787,5,3,3,2,2,4,3,4,5,4,1,2,2,5,5,4,4,3,2,male
788,5,3,2,2,1,2,4,5,2,2,1,5,3,2,3,3,3,3,1,male
789,5,3,2,1,2,3,3,4,3,2,3,4,4,2,2,4,3,1,2,female
790,5,5,4,3,3,5,3,5,4,1,2,4,1,1,1,3,3,4,4,male
791,5,5,3,2,2,4,1,2,5,5,4,2,1,1,5,5,1,4,1,female
792,5,3,3,1,1,3,1,3,2,1,1,4,3,5,3,4,3,3,2,female
793,5,4,3,2,2,3,1,3,4,3,2,4,3,3,1,1,3,3,1,male
794,2,3,3,1,2,3,3,3,2,4,2,5,3,4,3,3,4,4,2,male
795,4,5,3,1,1,1,1,5,2,1,1,5,1,1,1,1,1,1,1,male
796,5,1,5,1,5,1,5,1,5,1,5,1,5,1,5,1,5,1,5,female
797,3,5,3,2,2,4,3,5,1,4,3,4,4,2,4,3,4,2,3,male
798,5,1,5,1,2,3,4,2,2,1,1,5,2,2,2,2,1,3,1,male
799,5,3,3,2,1,4,3,4,5,3,3,3,3,2,2,3,2,2,2,female
800,5,3,1,2,3,4,5,2,4,5,4,1,1,2,4,4,2,2,4,male
801,5,3,4,1,1,2,4,4,3,1,4,4,1,1,3,1,1,1,1,male
802,4,5,5,1,1,1,1,4,5,3,2,1,1,1,5,3,1,4,1,female
803,5,5,5,3,2,2,2,5,4,4,3,5,3,1,3,3,2,4,2,female
804,5,5,2,1,1,2,4,3,5,4,5,1,1,2,3,2,1,1,2,female
805,5,1,4,1,1,4,4,5,5,3,4,4,4,4,4,2,2,2,2,female
806,5,4,4,3,1,3,5,5,5,5,5,3,4,2,5,4,3,3,3,female
807,1,1,1,1,1,1,1,1,1,1,1,1,1,1,1,1,1,1,1,male
808,3,3,1,3,3,5,5,3,2,2,2,1,1,1,3,1,1,1,4,male
809,5,4,3,1,2,3,2,5,5,3,4,3,2,1,2,2,2,3,1,male
810,4,3,4,1,1,2,1,2,2,2,1,4,1,1,3,1,1,1,1,male
811,5,3,2,3,4,5,5,1,5,5,3,1,3,4,5,4,2,1,5,male
812,5,3,2,3,3,4,2,3,5,4,4,3,2,3,4,4,2,1,4,male
813,5,4,1,1,1,1,1,1,1,1,1,2,1,1,2,1,1,1,1,female
814,5,4,2,1,1,1,1,2,2,3,1,2,1,1,3,1,1,1,1,male
815,5,4,4,3,1,5,4,4,3,2,3,5,4,3,NA,1,2,5,4,female
816,5,5,2,3,4,3,1,2,5,5,3,5,4,4,5,2,4,2,2,male
817,5,4,3,3,1,4,3,4,5,5,5,4,4,5,5,5,4,3,2,male
818,3,4,1,1,1,1,2,5,5,2,2,5,4,4,5,1,1,1,2,male
819,4,4,3,3,1,4,1,4,4,4,3,2,1,1,3,3,1,4,1,male
820,5,5,3,1,2,2,1,4,2,1,2,3,2,1,1,2,5,2,1,female
821,5,3,2,2,2,4,5,3,5,2,2,4,4,4,4,5,3,1,4,female
822,5,3,2,2,2,5,4,4,5,5,5,1,3,4,5,5,2,1,4,male
823,5,4,3,1,1,2,3,5,4,1,3,5,4,3,3,3,4,1,2,female
824,5,2,3,2,2,3,1,3,2,1,1,5,2,2,1,3,3,3,1,male
825,5,3,1,1,2,5,1,3,5,3,2,1,3,2,5,3,2,1,5,female
826,4,3,1,3,1,4,2,2,5,4,2,1,2,2,2,4,2,1,2,female
827,5,3,3,3,1,4,4,4,5,3,3,3,3,5,5,3,4,1,4,female
828,5,3,3,4,3,4,5,4,5,3,3,2,4,3,5,5,2,1,2,female
829,1,3,4,1,2,1,2,4,5,3,4,5,2,1,3,3,4,4,1,male
830,5,3,1,2,2,5,4,3,5,5,4,3,2,4,4,4,2,1,3,female
831,5,3,4,2,1,3,2,4,3,1,1,5,4,4,3,3,5,2,3,female
832,5,NA,4,2,4,4,4,5,4,3,4,5,4,4,5,3,4,3,4,female
833,5,3,3,4,5,5,5,2,5,3,4,1,4,4,5,3,4,1,5,female
834,3,3,2,1,1,4,3,3,4,1,1,1,1,5,3,5,2,2,4,male
835,4,3,4,3,2,4,4,3,5,4,2,2,2,2,3,2,2,2,3,male
836,4,3,3,2,2,2,3,5,4,1,1,1,4,3,3,3,3,1,1,male
837,5,3,2,1,1,2,3,4,5,5,5,4,3,5,4,3,1,1,3,male
838,5,3,4,3,2,5,3,2,5,5,4,2,4,5,5,4,5,1,3,male
839,5,5,4,1,1,1,2,5,4,1,1,4,5,3,4,4,4,2,1,female
840,4,3,4,2,1,2,4,4,3,1,2,3,3,3,4,4,4,1,2,female
841,5,4,2,3,3,1,4,5,5,1,1,4,3,3,2,2,4,1,2,female
842,5,5,4,3,3,2,1,4,4,3,4,5,2,2,2,3,2,5,1,male
843,NA,5,4,2,1,3,3,4,5,1,4,1,3,2,2,5,2,2,1,female
844,5,4,4,2,3,3,3,4,4,2,2,5,3,2,2,1,3,3,2,female
845,5,4,2,5,4,5,5,2,3,2,3,2,3,5,4,4,3,4,5,male
846,4,4,3,1,1,1,3,5,1,1,1,4,2,2,1,1,3,1,1,female
847,5,3,5,2,2,3,3,4,2,1,1,4,2,4,2,2,3,5,3,female
848,5,2,3,4,2,5,5,5,5,2,2,1,4,4,5,5,2,1,4,female
849,5,2,2,1,1,3,1,3,5,3,4,1,4,2,3,5,1,2,1,male
850,3,2,1,4,4,5,3,2,2,1,1,1,2,4,2,1,3,1,5,female
851,4,3,4,1,2,3,4,4,2,1,1,4,4,3,3,1,1,1,1,female
852,5,5,3,1,1,2,2,2,2,1,2,5,3,2,2,2,2,5,1,male
853,5,4,2,1,2,2,1,2,2,1,1,5,3,2,2,2,3,3,1,male
854,5,3,4,4,2,3,4,3,3,1,1,2,3,2,2,2,3,1,4,female
855,5,2,4,2,1,1,2,3,3,1,1,5,3,3,2,2,2,1,1,male
856,5,4,5,3,3,3,2,5,4,3,4,5,4,2,3,2,4,4,2,male
857,5,3,3,2,1,3,4,4,5,3,3,3,3,5,3,2,4,3,3,female
858,5,4,4,2,3,3,5,4,3,1,2,2,3,3,3,4,2,5,2,male
859,3,1,3,3,2,5,NA,2,3,3,1,1,5,5,5,3,1,1,1,male
860,5,3,4,4,2,3,3,4,3,2,2,5,3,3,3,2,3,4,2,male
861,5,3,4,3,3,3,3,3,4,4,3,4,3,3,1,3,2,5,3,male
862,5,3,3,2,1,3,1,3,5,1,2,1,3,3,3,4,1,2,1,female
863,5,4,4,2,2,3,2,5,4,3,1,4,3,4,2,3,5,4,2,male
864,5,5,3,2,2,4,4,3,2,1,1,2,2,3,3,4,1,5,2,male
865,5,3,3,2,3,3,4,3,5,4,4,4,3,3,4,4,2,3,3,male
866,4,2,4,3,2,3,4,3,4,2,3,4,2,1,2,4,3,2,2,female
867,4,3,2,3,3,4,4,2,5,4,4,3,4,2,4,4,1,1,3,male
868,5,3,4,2,4,2,3,4,3,1,1,1,3,1,3,3,4,1,1,female
869,5,4,3,4,3,2,4,4,NA,3,2,5,2,2,3,1,3,2,2,male
870,5,3,2,1,2,5,4,4,5,3,3,2,1,3,5,5,2,1,1,female
871,5,4,4,2,1,2,1,5,3,3,2,3,1,1,1,2,3,4,1,female
872,5,3,3,2,1,4,3,3,5,4,2,2,3,4,5,4,2,3,3,male
873,5,3,2,3,1,3,3,3,5,3,2,2,2,3,2,5,1,4,1,male
874,4,4,4,2,2,3,3,3,4,2,1,3,3,3,3,3,2,4,3,male
875,5,3,5,1,1,1,2,3,2,1,2,3,2,2,2,2,5,3,1,female
876,5,3,3,1,1,1,NA,3,2,1,1,4,1,1,1,3,1,4,1,female
877,5,3,3,1,2,3,1,4,1,1,1,5,5,4,4,1,3,3,1,male
878,5,3,1,3,5,3,1,1,5,3,4,3,3,4,5,5,2,1,1,male
879,4,2,2,2,2,4,5,4,4,2,2,5,4,4,4,3,2,4,3,male
880,4,5,5,1,4,2,1,2,4,5,3,2,1,2,4,4,2,5,2,male
881,5,3,5,1,2,1,2,3,2,1,3,4,2,2,2,1,5,4,1,female
882,5,3,1,1,3,5,5,4,5,2,2,1,1,4,5,5,2,1,1,female
883,5,4,4,1,1,2,1,2,4,3,5,3,2,2,3,2,1,4,1,female
884,5,3,3,1,1,2,3,4,3,1,1,2,3,4,3,3,4,3,1,female
885,5,3,4,2,1,4,1,4,5,3,4,3,4,4,4,5,1,4,1,female
886,3,4,3,2,2,2,3,4,4,4,1,5,4,2,3,1,1,3,1,female
887,5,5,3,2,1,3,1,3,4,5,4,1,1,1,3,4,1,2,1,male
888,4,3,3,2,4,NA,3,2,5,3,2,4,3,2,3,2,1,3,2,male
889,5,3,3,2,1,2,2,4,4,3,2,2,1,2,4,2,5,2,2,female
890,5,3,3,3,4,5,3,3,4,3,2,2,3,3,5,4,2,2,2,female
891,5,3,5,1,2,3,2,4,3,1,1,4,2,2,3,1,1,4,1,male
892,5,3,4,3,2,1,3,4,4,2,2,2,4,1,3,2,2,3,1,male
893,5,3,3,3,2,2,3,3,5,3,2,3,2,2,3,1,2,1,2,male
894,5,3,2,3,4,3,2,2,4,3,2,4,3,2,3,2,2,3,4,female
895,5,4,3,1,1,2,3,3,5,3,2,2,4,3,4,2,2,1,1,female
896,4,4,4,2,3,2,2,3,3,1,NA,4,3,3,2,1,2,3,2,male
897,5,3,2,3,4,3,4,2,5,3,3,1,2,4,4,4,3,1,2,male
898,5,3,2,2,3,1,2,4,3,1,2,3,2,3,2,4,3,2,3,male
899,5,3,2,2,1,3,2,2,5,2,3,1,3,5,5,5,3,1,1,female
900,5,3,2,NA,2,2,1,3,3,2,2,5,3,3,1,3,1,1,1,male
901,5,2,2,1,2,3,4,3,3,1,1,2,4,4,2,1,3,1,3,male
902,4,3,1,2,2,2,2,3,3,1,2,1,2,3,3,2,2,1,2,female
903,5,3,1,2,2,3,1,2,3,2,3,5,4,3,3,2,2,2,1,male
904,5,5,2,4,3,2,1,1,5,5,4,2,3,5,4,4,3,1,1,male
905,3,3,2,1,2,2,5,5,3,1,1,2,2,2,3,1,5,1,2,female
906,5,3,4,3,3,2,2,4,4,1,3,5,3,3,3,2,2,3,2,male
907,5,3,5,3,1,5,5,2,1,1,1,2,3,4,3,5,5,5,4,female
908,5,4,4,3,2,2,3,5,3,2,3,3,3,2,2,1,3,1,1,female
909,5,2,3,2,3,2,1,4,4,3,3,2,2,3,2,2,2,3,2,male
910,5,3,4,3,2,3,4,4,3,2,3,4,4,2,5,3,2,2,3,female
911,5,4,2,1,1,3,4,4,5,1,1,4,4,5,5,5,4,1,2,female
912,5,3,2,2,1,4,5,3,5,5,4,1,1,3,4,5,4,1,5,female
913,5,4,4,2,1,1,1,4,3,2,4,3,3,2,4,2,3,3,2,female
914,5,3,4,4,2,4,3,3,4,1,3,1,2,4,4,4,2,3,4,female
915,5,4,2,3,1,5,3,3,5,4,4,2,3,4,5,5,5,2,4,female
916,4,4,5,2,3,1,3,4,4,3,1,4,2,2,3,3,3,4,1,female
917,4,3,2,2,1,3,1,3,5,4,4,1,3,3,5,4,1,1,1,male
918,5,4,2,2,2,3,2,2,5,4,4,2,2,2,4,4,2,3,2,male
919,4,3,2,2,1,2,4,4,5,5,5,3,4,NA,NA,2,4,1,3,female
920,5,1,3,2,1,3,1,3,4,4,3,3,3,3,3,5,5,1,2,female
921,4,4,3,3,3,3,5,3,4,3,3,2,3,3,5,1,3,1,3,female
922,5,3,4,2,2,1,1,4,3,2,3,4,2,3,2,3,2,3,2,male
923,5,3,5,1,1,3,2,5,3,1,1,4,3,2,1,1,2,4,3,female
924,5,4,2,2,1,5,2,4,4,2,5,3,1,4,5,5,2,3,3,female
925,5,3,3,1,1,1,1,3,2,1,1,2,2,1,1,1,1,1,1,female
926,5,3,4,3,3,2,4,3,2,1,1,3,NA,4,3,2,5,2,3,female
927,5,3,3,2,2,2,2,2,4,3,3,1,2,2,2,5,2,1,2,male
928,5,3,5,1,1,1,1,5,3,1,2,4,4,1,2,3,1,3,1,female
929,5,3,4,2,2,5,3,4,3,2,2,4,4,2,4,3,4,3,3,female
930,3,2,3,5,1,4,2,4,2,3,4,2,5,2,3,5,3,3,3,female
931,5,3,3,2,1,2,3,3,2,2,3,5,3,1,1,1,3,3,2,female
932,5,3,4,2,2,1,3,4,3,4,3,2,3,2,3,1,2,2,3,male
933,5,3,4,2,2,1,3,5,3,2,1,4,3,2,2,1,3,4,2,female
934,5,3,2,2,3,5,4,3,4,2,3,1,4,5,5,4,3,1,2,female
935,5,3,3,2,2,2,3,3,4,5,4,2,2,2,2,3,3,4,1,NA
936,5,3,3,1,1,1,2,5,2,1,1,2,1,1,1,1,3,1,1,female
937,4,3,2,3,2,3,1,4,3,4,4,2,3,4,3,2,3,3,2,female
938,5,3,4,1,1,5,4,5,5,4,5,4,5,5,5,5,5,2,5,female
939,5,3,2,5,1,5,1,4,5,2,4,4,1,3,5,5,1,5,3,female
940,4,3,4,1,4,5,3,4,4,1,2,1,2,3,4,3,4,4,2,female
941,5,3,2,1,1,3,3,3,3,1,1,4,NA,5,2,2,1,5,1,male
942,5,3,3,2,1,2,2,4,4,3,3,4,5,4,4,4,3,1,1,female
943,5,2,5,3,2,4,1,4,2,1,2,1,3,5,3,3,3,5,2,male
944,4,3,3,2,1,5,2,3,NA,1,4,4,4,4,3,3,3,2,2,female
945,5,4,3,3,2,4,3,5,4,1,1,2,1,3,3,2,3,2,3,female
946,5,2,5,2,3,3,3,4,4,4,4,5,4,2,4,3,4,1,3,male
947,5,5,2,1,2,4,3,3,5,5,5,2,1,4,5,4,2,2,3,male
948,5,3,3,1,1,2,1,3,3,3,2,4,3,2,1,2,1,1,1,female
949,5,3,4,3,2,3,4,4,3,1,1,2,3,2,3,2,4,2,2,female
950,5,3,3,2,3,1,2,3,4,3,3,2,3,3,3,2,3,2,1,female
951,5,3,2,3,NA,4,2,4,5,5,5,4,4,3,4,2,2,3,3,male
952,4,3,4,1,1,1,1,4,3,2,2,4,5,3,5,4,1,5,1,male
953,5,2,3,3,3,4,3,4,5,3,3,1,3,3,3,4,4,4,2,male
954,5,3,3,1,3,3,3,5,4,1,4,4,4,4,4,3,5,1,1,female
955,5,3,5,3,2,2,3,3,3,1,2,4,4,3,3,2,5,4,3,female
956,5,3,2,1,2,1,1,2,5,5,5,1,3,1,3,1,3,1,1,female
957,5,4,3,1,4,3,4,4,4,3,3,3,3,4,4,1,1,1,2,male
958,5,4,2,1,1,1,2,2,2,1,1,5,1,2,1,1,2,2,1,male
959,5,5,5,3,1,3,3,4,1,1,1,3,2,2,2,3,2,4,2,female
960,4,3,3,2,3,4,4,4,3,2,4,2,5,4,5,4,3,1,2,female
961,5,3,4,4,1,5,1,3,5,5,5,3,3,5,2,5,1,1,4,female
962,5,3,4,4,1,3,4,5,3,1,1,5,4,3,2,3,4,4,3,male
963,5,2,3,4,4,5,3,2,1,1,1,1,1,4,1,1,3,1,3,female
964,4,4,4,3,3,5,1,5,4,1,1,3,1,4,1,1,2,4,4,male
965,5,4,3,2,3,3,3,3,5,5,5,3,4,3,4,5,3,2,4,male
966,5,5,5,3,3,3,5,5,5,2,4,1,3,2,5,2,5,4,3,female
967,5,5,1,1,1,5,5,1,1,1,1,1,3,4,1,5,5,1,5,female
968,5,3,2,2,2,3,2,2,5,5,5,1,4,4,4,2,3,2,3,male
969,5,4,3,2,2,3,3,4,3,2,1,5,3,3,3,2,2,3,2,male
970,5,3,2,1,2,3,2,4,5,4,3,2,2,3,4,3,2,1,1,male
971,5,3,5,1,4,5,5,3,4,2,1,4,2,5,4,4,2,1,5,male
972,5,4,2,4,3,4,2,2,5,4,4,1,4,3,4,3,2,3,2,male
973,5,3,3,3,3,3,4,3,5,2,4,1,3,3,5,5,3,2,2,female
974,5,3,2,5,5,4,5,2,5,5,5,1,4,5,2,3,1,1,3,female
975,5,3,1,2,2,2,2,2,5,5,5,1,5,3,4,4,2,2,1,female
976,5,3,5,5,5,5,5,5,5,5,5,5,5,5,5,5,5,5,5,female
977,5,3,4,2,3,3,5,5,5,2,2,3,4,4,4,2,5,2,3,female
978,5,4,4,2,2,1,1,4,4,3,2,4,2,1,2,3,2,4,1,male
979,5,2,2,1,2,2,1,4,5,5,3,2,3,5,5,3,3,1,2,female
980,5,3,4,2,2,4,4,5,5,1,1,3,2,4,4,1,4,2,3,male
981,5,3,2,2,2,5,1,4,4,4,2,1,3,5,4,1,4,1,4,female
982,5,4,1,2,4,5,5,3,4,1,1,1,2,3,4,5,2,1,2,female
983,5,4,2,1,1,3,2,2,4,3,2,2,4,3,4,5,1,1,2,male
984,5,4,3,1,1,3,3,5,3,1,1,4,4,2,3,3,4,2,1,female
985,5,2,1,3,2,3,3,3,4,4,3,1,2,1,4,3,3,1,1,female
986,5,2,1,3,2,4,2,4,5,3,3,1,4,2,3,5,2,1,2,female
987,4,3,2,5,3,5,2,2,4,2,4,3,3,4,4,4,2,4,4,female
988,4,3,2,2,3,2,1,1,5,3,2,NA,3,3,3,4,2,1,1,male
989,5,2,3,2,2,5,2,2,5,2,4,3,5,5,5,5,5,NA,3,male
990,5,5,3,2,2,4,5,5,5,5,1,5,2,3,3,3,5,5,3,female
991,5,4,2,1,1,2,2,3,4,4,1,1,1,2,3,1,2,1,2,male
992,5,5,2,1,1,1,1,1,5,5,4,5,2,1,4,2,1,2,1,male
993,4,4,4,1,4,4,1,3,4,4,3,2,3,2,1,1,2,5,2,male
994,5,3,3,1,2,3,1,4,4,1,1,4,1,1,1,4,1,2,1,female
995,5,4,3,2,2,3,4,3,5,3,4,2,4,3,5,3,1,1,1,female
996,5,4,2,1,1,1,2,1,4,4,3,3,2,1,1,2,2,5,1,female
997,5,3,1,1,1,3,2,1,4,3,1,4,4,2,3,3,1,1,1,male
998,5,4,3,3,3,1,3,3,4,2,4,2,4,1,1,2,4,1,1,female
999,5,4,4,3,1,3,2,3,5,5,4,3,2,1,5,3,3,5,2,male
1000,5,5,5,3,4,5,4,4,4,3,NA,5,5,5,5,5,5,5,3,male
1001,5,3,3,3,2,3,3,4,3,1,1,5,3,2,3,3,3,3,1,female
1002,5,5,5,1,2,1,4,4,3,2,4,4,3,1,4,1,2,3,1,female
1003,5,5,3,1,3,1,1,2,5,5,3,1,4,2,2,4,1,3,1,male
1004,4,3,4,3,2,2,3,4,5,2,3,2,4,4,4,2,4,4,2,female
1005,5,3,4,1,2,3,2,3,3,4,3,5,4,2,3,2,2,5,3,male
1006,5,2,5,2,2,5,4,4,4,3,2,4,1,5,4,4,3,3,2,female
1007,4,4,5,1,3,4,1,4,1,1,4,1,1,2,3,1,3,4,1,male
1008,4,3,1,1,2,2,2,3,4,1,2,3,3,2,2,5,1,1,1,female
1009,5,3,3,3,1,3,1,3,4,1,1,2,2,3,2,5,2,2,1,female
1010,5,5,4,3,2,3,3,4,1,1,2,3,1,1,3,2,2,3,1,male